"행정구역(시군구)별(1)",행정구역(시군구)별(2),행정구역(시군구)별(3),2019,2019,2019,2019,2019,2019,2019,2019,2019,2019,2019,2019,2019,2019,2019,2019,2019,2019,2019,2019,2019,2019,2019,2019,2019,2019,2019,2019,2019,2019
"행정구역(시군구)별(1)",행정구역(시군구)별(2),행정구역(시군구)별(3),총인구 (명),총인구 (명),총인구 (명),합계 (명),합계 (명),합계 (명),한국국적을 가지지 않은 자 (명),한국국적을 가지지 않은 자 (명),한국국적을 가지지 않은 자 (명),한국국적을 가지지 않은 자 (명),한국국적을 가지지 않은 자 (명),한국국적을 가지지 않은 자 (명),한국국적을 가지지 않은 자 (명),한국국적을 가지지 않은 자 (명),한국국적을 가지지 않은 자 (명),한국국적을 가지지 않은 자 (명),한국국적을 가지지 않은 자 (명),한국국적을 가지지 않은 자 (명),한국국적을 가지지 않은 자 (명),한국국적을 가지지 않은 자 (명),한국국적을 가지지 않은 자 (명),한국국적을 가지지 않은 자 (명),한국국적을 가지지 않은 자 (명),한국국적을 가지지 않은 자 (명),한국국적을 취득한 자 (명),한국국적을 취득한 자 (명),한국국적을 취득한 자 (명),외국인주민자녀(출생) (명),외국인주민자녀(출생) (명),외국인주민자녀(출생) (명)
"행정구역(시군구)별(1)",행정구역(시군구)별(2),행정구역(시군구)별(3),소계,소계,소계,소계,소계,소계,소계,소계,소계,외국인근로자,외국인근로자,외국인근로자,결혼이민자,결혼이민자,결혼이민자,유학생,유학생,유학생,외국국적동포,외국국적동포,외국국적동포,기타외국인,기타외국인,기타외국인,소계,소계,소계,소계,소계,소계
"행정구역(시군구)별(1)",행정구역(시군구)별(2),행정구역(시군구)별(3),계,남,여,계,남,여,계,남,여,계,남,여,계,남,여,계,남,여,계,남,여,계,남,여,계,남,여,계,남,여
"합계",소계,소계,51779203,25952070,25827133,2216612,1184176,1032436,1778918,1017408,761510,515051,403330,111721,173882,34628,139254,160610,76048,84562,303245,150687,152558,626130,352715,273415,185728,37684,148044,251966,129084,122882
"서울특별시",소계,소계,9639541,4690440,4949101,465885,219371,246514,390177,189562,200615,75322,47148,28174,33281,10032,23249,54647,18889,35758,91166,40677,50489,135761,72816,62945,42208,12800,29408,33500,17009,16491
"서울특별시",종로구,소계,154969,74880,80089,14195,6243,7952,13159,5818,7341,1302,743,559,613,195,418,5037,1771,3266,1649,694,955,4558,2415,2143,518,154,364,518,271,247
"서울특별시",중구,소계,130957,63406,67551,13796,6506,7290,12559,6025,6534,1771,983,788,663,218,445,2628,1028,1600,2383,1015,1368,5114,2781,2333,658,191,467,579,290,289
"서울특별시",용산구,소계,227181,110934,116247,22332,12418,9914,20503,11621,8882,1812,1065,747,1253,585,668,1126,416,710,2442,1058,1384,13870,8497,5373,735,237,498,1094,560,534
"서울특별시",성동구,소계,299688,146630,153058,14042,6478,7564,11774,5610,6164,1748,1057,691,1115,366,749,2753,1064,1689,2233,985,1248,3925,2138,1787,1087,279,808,1181,589,592
"서울특별시",광진구,소계,359766,174027,185739,23823,10536,13287,20925,9474,11451,3808,2114,1694,1282,324,958,4926,1806,3120,4562,2026,2536,6347,3204,3143,1687,438,1249,1211,624,587
"서울특별시",동대문구,소계,355094,174161,180933,23645,9833,13812,21049,8852,12197,1699,969,730,1212,300,912,9443,3341,6102,2289,1035,1254,6406,3207,3199,1397,380,1017,1199,601,598
"서울특별시",중랑구,소계,386331,190531,195800,9785,3934,5851,7091,2962,4129,941,537,404,1184,208,976,695,272,423,1375,589,786,2896,1356,1540,1291,251,1040,1403,721,682
"서울특별시",성북구,소계,445327,213832,231495,17976,7536,10440,15552,6621,8931,916,557,359,1067,259,808,6727,2452,4275,1298,531,767,5544,2822,2722,1021,218,803,1403,697,706
"서울특별시",강북구,소계,303871,147112,156759,7530,2876,4654,5346,2088,3258,639,377,262,954,147,807,723,260,463,1086,452,634,1944,852,1092,978,190,788,1206,598,608
"서울특별시",도봉구,소계,323543,156961,166582,5027,1985,3042,3320,1380,1940,447,299,148,713,116,597,357,121,236,569,240,329,1234,604,630,722,124,598,985,481,504
"서울특별시",노원구,소계,522480,252662,269818,8300,3673,4627,6279,2878,3401,471,248,223,966,221,745,1863,956,907,636,246,390,2343,1207,1136,756,134,622,1265,661,604
"서울특별시",은평구,소계,461530,222076,239454,9501,3951,5550,6390,2793,3597,721,424,297,1282,277,1005,304,122,182,1330,591,739,2753,1379,1374,1396,302,1094,1715,856,859
"서울특별시",서대문구,소계,319394,149113,170281,18179,6792,11387,16319,6031,10288,1115,552,563,909,285,624,6051,1359,4692,1271,517,754,6973,3318,3655,858,270,588,1002,491,511
"서울특별시",마포구,소계,369327,173893,195434,16416,6926,9490,14307,6079,8228,1538,781,757,1159,396,763,3537,848,2689,1790,766,1024,6283,3288,2995,891,255,636,1218,592,626
"서울특별시",양천구,소계,440354,216078,224276,9138,4018,5120,6221,2867,3354,1044,648,396,1141,279,862,97,42,55,1648,711,937,2291,1187,1104,1470,401,1069,1447,750,697
"서울특별시",강서구,소계,574097,277365,296732,13197,5729,7468,9043,4156,4887,1349,828,521,1725,415,1310,157,72,85,2641,1157,1484,3171,1684,1487,2139,554,1585,2015,1019,996
"서울특별시",구로구,소계,435560,217373,218187,54937,28740,26197,46036,25097,20939,14085,9655,4430,3224,1173,2051,502,239,263,14836,6925,7911,13389,7105,6284,6532,2456,4076,2369,1187,1182
"서울특별시",금천구,소계,249747,127242,122505,32851,17056,15795,27554,14956,12598,8895,5989,2906,2105,736,1369,149,61,88,9258,4389,4869,7147,3781,3366,3847,1380,2467,1450,720,730
"서울특별시",영등포구,소계,394083,196903,197180,55524,28953,26571,48180,25835,22345,15204,9836,5368,3125,1213,1912,395,104,291,16171,7420,8751,13285,7262,6023,5630,2220,3410,1714,898,816
"서울특별시",동작구,소계,400368,194049,206319,20697,9339,11358,17972,8292,9680,3259,1941,1318,1100,338,762,4325,1539,2786,4357,1873,2484,4931,2601,2330,1631,488,1143,1094,559,535
"서울특별시",관악구,소계,507828,254082,253746,30247,13718,16529,25352,11877,13475,5850,3531,2319,2000,570,1430,2129,743,1386,7655,3200,4455,7718,3833,3885,3261,1004,2257,1634,837,797
"서울특별시",서초구,소계,404960,194195,210765,9755,5077,4678,7935,4273,3662,970,606,364,940,385,555,157,59,98,2035,870,1165,3833,2353,1480,514,131,383,1306,673,633
"서울특별시",강남구,소계,509199,244403,264796,11735,6231,5504,9725,5354,4371,1726,1036,690,1061,391,670,280,71,209,2667,1171,1496,3991,2685,1306,596,142,454,1414,735,679
"서울특별시",송파구,소계,648600,313725,334875,14126,6698,7428,10917,5425,5492,2444,1435,1009,1485,431,1054,141,60,81,3069,1325,1744,3778,2174,1604,1430,358,1072,1779,915,864
"서울특별시",강동구,소계,415287,204807,210480,9131,4125,5006,6669,3198,3471,1568,937,631,1003,204,799,145,83,62,1916,891,1025,2037,1083,954,1163,243,920,1299,684,615
"부산광역시",소계,소계,3372692,1655566,1717126,77968,40549,37419,60502,34021,26481,13855,12230,1625,7257,1188,6069,12475,6075,6400,3815,1804,2011,23100,12724,10376,5998,701,5297,11468,5827,5641
"부산광역시",중구,소계,41958,20861,21097,2620,1613,1007,2411,1532,879,765,704,61,142,20,122,321,116,205,149,64,85,1034,628,406,97,18,79,112,63,49
"부산광역시",서구,소계,105847,51645,54202,2919,1742,1177,2388,1551,837,874,820,54,229,29,200,309,132,177,138,64,74,838,506,332,215,29,186,316,162,154
"부산광역시",동구,소계,85673,41817,43856,3119,1423,1696,2517,1207,1310,481,276,205,255,36,219,24,9,15,350,147,203,1407,739,668,251,47,204,351,169,182
"부산광역시",영도구,소계,117959,59370,58589,2890,1628,1262,2137,1357,780,713,682,31,288,33,255,245,121,124,142,69,73,749,452,297,277,28,249,476,243,233
"부산광역시",부산진구,소계,352390,169565,182825,4960,1976,2984,3375,1380,1995,308,196,112,679,94,585,683,314,369,261,118,143,1444,658,786,530,56,474,1055,540,515
"부산광역시",동래구,소계,260986,126910,134076,2237,855,1382,1381,541,840,217,133,84,362,49,313,39,12,27,146,60,86,617,287,330,279,25,254,577,289,288
"부산광역시",남구,소계,278849,137062,141787,8771,4320,4451,7483,3830,3653,325,247,78,501,88,413,3945,2143,1802,218,83,135,2494,1269,1225,388,37,351,900,453,447
"부산광역시",북구,소계,285098,140888,144210,4676,2014,2662,3123,1439,1684,176,99,77,508,49,459,1150,733,417,158,71,87,1131,487,644,536,55,481,1017,520,497
"부산광역시",해운대구,소계,392846,190184,202662,6847,3348,3499,5082,2611,2471,678,470,208,789,224,565,680,358,322,554,259,295,2381,1300,1081,537,85,452,1228,652,576
"부산광역시",사하구,소계,319828,159399,160429,7999,4367,3632,5833,3575,2258,2036,1876,160,855,110,745,390,176,214,439,240,199,2113,1173,940,796,84,712,1370,708,662
"부산광역시",금정구,소계,244726,119368,125358,6627,2807,3820,5622,2432,3190,367,281,86,438,60,378,2617,1025,1592,177,74,103,2023,992,1031,351,50,301,654,325,329
"부산광역시",강서구,소계,128809,68244,60565,7544,6013,1531,6749,5725,1024,4060,3919,141,369,69,300,19,*,15,246,148,98,2055,1585,470,239,29,210,556,259,297
"부산광역시",연제구,소계,203959,98035,105924,1825,737,1088,1108,446,662,143,97,46,309,50,259,35,15,20,107,52,55,514,232,282,212,28,184,505,263,242
"부산광역시",수영구,소계,170414,80762,89652,2634,1231,1403,1852,926,926,372,261,111,384,102,282,40,17,23,261,97,164,795,449,346,254,41,213,528,264,264
"부산광역시",사상구,소계,222618,111847,110771,8648,4255,4393,6720,3596,3124,1170,1067,103,749,111,638,1965,896,1069,308,164,144,2528,1358,1170,726,57,669,1202,602,600
"부산광역시",기장군,소계,160732,79609,81123,3652,2220,1432,2721,1873,848,1170,1102,68,400,64,336,13,*,9,161,94,67,977,609,368,310,32,278,621,315,306
"대구광역시",소계,소계,2429940,1203754,1226186,53023,26942,26081,40092,22181,17911,9358,7760,1598,5382,869,4513,5960,3166,2794,3212,1654,1558,16180,8732,7448,4330,449,3881,8601,4312,4289
"대구광역시",중구,소계,75561,36413,39148,1222,582,640,899,449,450,131,91,40,133,32,101,59,32,27,78,31,47,498,263,235,106,24,82,217,109,108
"대구광역시",동구,소계,337439,165927,171512,4261,1568,2693,2541,896,1645,297,180,117,734,84,650,68,29,39,232,112,120,1210,491,719,542,56,486,1178,616,562
"대구광역시",서구,소계,175243,87869,87374,4867,2368,2499,3352,1859,1493,829,703,126,601,90,511,64,41,23,304,166,138,1554,859,695,547,45,502,968,464,504
"대구광역시",남구,소계,147500,70522,76978,2560,1032,1528,1845,760,1085,121,56,65,289,45,244,431,226,205,178,61,117,826,372,454,212,24,188,503,248,255
"대구광역시",북구,소계,446050,222873,223177,9291,4360,4931,6966,3506,3460,1115,873,242,845,97,748,1995,1033,962,305,137,168,2706,1366,1340,730,67,663,1595,787,808
"대구광역시",수성구,소계,415283,202137,213146,3536,1529,2007,2474,1095,1379,414,231,183,475,98,377,283,138,145,250,101,149,1052,527,525,310,59,251,752,375,377
"대구광역시",달서구,소계,574390,285722,288668,16466,9068,7398,13313,7937,5376,3287,2896,391,1402,260,1142,2970,1616,1354,616,333,283,5038,2832,2206,1143,97,1046,2010,1034,976
"대구광역시",달성군,소계,258474,132291,126183,10820,6435,4385,8702,5679,3023,3164,2730,434,903,163,740,90,51,39,1249,713,536,3296,2022,1274,740,77,663,1378,679,699
"인천광역시",소계,소계,2952237,1484528,1467709,130292,68659,61633,100174,56990,43184,25209,20321,4888,11545,2710,8835,6068,3108,2960,18942,8894,10048,38410,21957,16453,14666,3730,10936,15452,7939,7513
"인천광역시",중구,소계,131863,68277,63586,6800,3450,3350,5251,2822,2429,1092,774,318,695,144,551,37,17,20,891,423,468,2536,1464,1072,762,208,554,787,420,367
"인천광역시",동구,소계,63003,31760,31243,1860,930,930,1259,707,552,369,313,56,206,34,172,*,*,*,185,84,101,497,275,222,262,46,216,339,177,162
"인천광역시",연수구,소계,374413,186902,187511,21295,11008,10287,18884,10039,8845,3123,1881,1242,1157,316,841,2335,1136,1199,3874,1898,1976,8395,4808,3587,926,200,726,1485,769,716
"인천광역시",남동구,소계,533119,267291,265828,22736,13486,9250,17638,11535,6103,6662,5920,742,2007,503,1504,424,212,212,2560,1202,1358,5985,3698,2287,2322,566,1756,2776,1385,1391
"인천광역시",부평구,소계,514385,254711,259674,28564,13584,14980,20845,10534,10311,3745,2625,1120,2674,785,1889,381,188,193,6115,2748,3367,7930,4188,3742,4725,1505,3220,2994,1545,1449
"인천광역시",계양구,소계,298912,148434,150478,7188,3040,4148,4737,2139,2598,846,653,193,913,152,761,494,238,256,664,292,372,1820,804,1016,1012,160,852,1439,741,698
"인천광역시",서구,소계,540655,275606,265049,22948,13929,9019,17643,11895,5748,6796,6113,683,2005,416,1589,141,85,56,2276,1158,1118,6425,4123,2302,2264,445,1819,3041,1589,1452
"인천광역시",미추홀구,소계,411612,207840,203772,16693,7931,8762,12352,6284,6068,1882,1410,472,1677,339,1338,2248,1225,1023,2242,1032,1210,4303,2278,2025,2182,571,1611,2159,1076,1083
"인천광역시",강화군,소계,65235,32781,32454,1758,1015,743,1231,796,435,516,464,52,164,19,145,6,6,*,112,45,67,433,262,171,163,23,140,364,196,168
"인천광역시",옹진군,소계,19040,10926,8114,450,286,164,334,239,95,178,168,10,47,*,45,*,*,*,23,12,11,86,57,29,48,6,42,68,41,27
"광주광역시",소계,소계,1489730,741287,748443,43053,22007,21046,33286,18348,14938,7312,5851,1461,3635,510,3125,6156,3335,2821,2944,1526,1418,13239,7126,6113,3297,254,3043,6470,3405,3065
"광주광역시",동구,소계,103754,51747,52007,2968,1485,1483,2573,1326,1247,185,127,58,156,28,128,1245,680,565,81,31,50,906,460,446,121,13,108,274,146,128
"광주광역시",서구,소계,298033,147067,150966,3788,1662,2126,2432,1138,1294,513,378,135,478,52,426,96,47,49,222,101,121,1123,560,563,460,39,421,896,485,411
"광주광역시",남구,소계,217972,105267,112705,3263,1332,1931,2152,893,1259,239,158,81,402,46,356,484,238,246,125,53,72,902,398,504,322,22,300,789,417,372
"광주광역시",북구,소계,446661,222727,223934,9700,4421,5279,6924,3367,3557,807,627,180,1035,118,917,1974,1124,850,339,160,179,2769,1338,1431,890,74,816,1886,980,906
"광주광역시",광산구,소계,423310,214479,208831,23334,13107,10227,19205,11624,7581,5568,4561,1007,1564,266,1298,2357,1246,1111,2177,1181,996,7539,4370,3169,1504,106,1398,2625,1377,1248
"대전광역시",소계,소계,1498839,751585,747254,34148,15458,18690,25147,12064,13083,2879,2057,822,3457,487,2970,7009,3592,3417,1798,828,970,10004,5100,4904,3059,374,2685,5942,3020,2922
"대전광역시",동구,소계,237273,119605,117668,8293,3775,4518,6538,3108,3430,462,319,143,650,70,580,3077,1529,1548,190,86,104,2159,1104,1055,593,63,530,1162,604,558
"대전광역시",중구,소계,234995,115835,119160,3613,1374,2239,2081,800,1281,256,158,98,557,67,490,61,26,35,257,131,126,950,418,532,522,53,469,1010,521,489
"대전광역시",서구,소계,480920,236242,244678,6919,2821,4098,4663,1978,2685,553,313,240,954,153,801,818,372,446,447,194,253,1891,946,945,763,97,666,1493,746,747
"대전광역시",유성구,소계,366544,189078,177466,10347,5224,5123,8599,4537,4062,850,612,238,736,148,588,2657,1490,1167,640,279,361,3716,2008,1708,589,102,487,1159,585,574
"대전광역시",대덕구,소계,179107,90825,88282,4976,2264,2712,3266,1641,1625,758,655,103,560,49,511,396,175,221,264,138,126,1288,624,664,592,59,533,1118,564,554
"울산광역시",소계,소계,1143692,591965,551727,37284,20671,16613,28604,17419,11185,8338,7085,1253,3503,545,2958,1704,1154,550,4830,2931,1899,10229,5704,4525,3145,419,2726,5535,2833,2702
"울산광역시",중구,소계,219428,111433,107995,4512,1853,2659,2979,1269,1710,518,313,205,641,90,551,29,10,19,632,349,283,1159,507,652,572,87,485,961,497,464
"울산광역시",남구,소계,322135,164591,157544,8734,4401,4333,6911,3684,3227,1330,901,429,846,147,699,1030,694,336,1265,727,538,2440,1215,1225,717,135,582,1106,582,524
"울산광역시",동구,소계,162104,86075,76029,6321,3724,2597,4833,3175,1658,1498,1386,112,561,83,478,247,169,78,648,413,235,1879,1124,755,491,55,436,997,494,503
"울산광역시",북구,소계,213524,110861,102663,5135,2678,2457,3405,2046,1359,1150,1062,88,611,89,522,*,*,*,329,179,150,1311,715,596,572,36,536,1158,596,562
"울산광역시",울주군,소계,226501,119005,107496,12582,8015,4567,10476,7245,3231,3842,3423,419,844,136,708,394,280,114,1956,1263,693,3440,2143,1297,793,106,687,1313,664,649
"세종특별자치시",소계,소계,338136,170148,167988,9814,5618,4196,7829,4860,2969,2117,1755,362,824,144,680,1437,925,512,832,444,388,2619,1592,1027,666,92,574,1319,666,653
"경기도",소계,소계,13300900,6740448,6560452,720090,403280,316810,594795,355254,239541,199634,153878,45756,52697,12115,40582,21200,11021,10179,124647,62430,62217,196617,115810,80807,60403,14724,45679,64892,33302,31590
"경기도",수원시,소계,1214986,614493,600493,67073,34055,33018,56186,29831,26355,14052,9125,4927,4611,1215,3396,4499,2389,2110,14949,7339,7610,18075,9763,8312,6023,1689,4334,4864,2535,2329
"경기도",수원시,장안구,282288,143174,139114,12605,6349,6256,10413,5475,4938,1929,1254,675,834,189,645,2045,1154,891,2205,1082,1123,3400,1796,1604,1154,312,842,1038,562,476
"경기도",수원시,권선구,374770,189282,185488,19388,9402,9986,15339,7914,7425,4127,2696,1431,1672,436,1236,117,60,57,4879,2397,2482,4544,2325,2219,2213,586,1627,1836,902,934
"경기도",수원시,팔달구,189052,95973,93079,23416,12317,11099,20451,11174,9277,6306,4057,2249,1337,405,932,336,159,177,6442,3206,3236,6030,3347,2683,1989,641,1348,976,502,474
"경기도",수원시,영통구,368876,186064,182812,11664,5987,5677,9983,5268,4715,1690,1118,572,768,185,583,2001,1016,985,1423,654,769,4101,2295,1806,667,150,517,1014,569,445
"경기도",성남시,소계,919895,455369,464526,33047,15887,17160,26707,13499,13208,6571,4089,2482,2860,759,2101,1732,860,872,7041,3144,3897,8503,4647,3856,3000,709,2291,3340,1679,1661
"경기도",성남시,수정구,241256,121729,119527,18510,9004,9506,15629,7946,7683,4555,2793,1762,1213,317,896,1465,774,691,4187,1916,2271,4209,2146,2063,1669,455,1214,1212,603,609
"경기도",성남시,중원구,216005,108919,107086,6753,2951,3802,4769,2275,2494,1275,854,421,725,111,614,85,46,39,1090,521,569,1594,743,851,951,163,788,1033,513,520
"경기도",성남시,분당구,462634,224721,237913,7784,3932,3852,6309,3278,3031,741,442,299,922,331,591,182,40,142,1764,707,1057,2700,1758,942,380,91,289,1095,563,532
"경기도",의정부시,소계,440357,216737,223620,9762,4283,5479,6866,3218,3648,866,583,283,1163,214,949,1129,587,542,1028,462,566,2680,1372,1308,1237,200,1037,1659,865,794
"경기도",안양시,소계,557339,275659,281680,14617,6855,7762,11148,5529,5619,2510,1632,878,1348,301,1047,430,202,228,3236,1521,1715,3624,1873,1751,1732,429,1303,1737,897,840
"경기도",안양시,만안구,246200,122820,123380,10609,5053,5556,8373,4194,4179,1954,1293,661,857,193,664,391,190,201,2582,1224,1358,2589,1294,1295,1264,348,916,972,511,461
"경기도",안양시,동안구,311139,152839,158300,4008,1802,2206,2775,1335,1440,556,339,217,491,108,383,39,12,27,654,297,357,1035,579,456,468,81,387,765,386,379
"경기도",부천시,소계,836751,415264,421487,46807,22498,24309,35677,18130,17547,8568,5893,2675,4102,1138,2964,932,459,473,11671,5279,6392,10404,5361,5043,6772,2114,4658,4358,2254,2104
"경기도",광명시,소계,313462,154896,158566,11775,5507,6268,8955,4425,4530,2241,1442,799,1086,262,824,40,21,19,2966,1370,1596,2622,1330,1292,1495,408,1087,1325,674,651
"경기도",평택시,소계,521172,271966,249206,39835,22169,17666,33537,19732,13805,10098,7544,2554,2917,692,2225,1431,752,679,7019,3678,3341,12072,7066,5006,2747,604,2143,3551,1833,1718
"경기도",동두천시,소계,96541,48387,48154,5784,3024,2760,4601,2585,2016,1109,658,451,495,129,366,104,76,28,427,205,222,2466,1517,949,473,85,388,710,354,356
"경기도",안산시,소계,714650,370739,343911,92787,50962,41825,79356,45692,33664,25334,17772,7562,5528,1436,4092,1136,635,501,21556,10951,10605,25802,14898,10904,7877,2438,5439,5554,2832,2722
"경기도",안산시,상록구,356620,181899,174721,23954,11775,12179,19045,9948,9097,4297,2793,1504,1843,386,1457,805,427,378,5671,2781,2890,6429,3561,2868,2559,632,1927,2350,1195,1155
"경기도",안산시,단원구,358030,188840,169190,68833,39187,29646,60311,35744,24567,21037,14979,6058,3685,1050,2635,331,208,123,15885,8170,7715,19373,11337,8036,5318,1806,3512,3204,1637,1567
"경기도",고양시,소계,1024645,501941,522704,25175,12415,12760,19096,10089,9007,4698,3350,1348,2779,611,2168,453,208,245,3935,1800,2135,7231,4120,3111,2603,555,2048,3476,1771,1705
"경기도",고양시,덕양구,448571,221937,226634,10277,4733,5544,7429,3663,3766,1535,1041,494,1287,239,1048,254,120,134,1414,649,765,2939,1614,1325,1220,235,985,1628,835,793
"경기도",고양시,일산동구,287041,139807,147234,8256,4491,3765,6669,3877,2792,1985,1517,468,796,215,581,117,51,66,1169,531,638,2602,1563,1039,662,155,507,925,459,466
"경기도",고양시,일산서구,289033,140197,148836,6642,3191,3451,4998,2549,2449,1178,792,386,696,157,539,82,37,45,1352,620,732,1690,943,747,721,165,556,923,477,446
"경기도",과천시,소계,53830,26584,27246,582,298,284,417,229,188,47,32,15,73,24,49,*,*,*,138,56,82,157,115,42,58,11,47,107,58,49
"경기도",구리시,소계,192270,95221,97049,3071,1386,1685,2063,1013,1050,473,370,103,456,75,381,32,19,13,311,139,172,791,410,381,426,68,358,582,305,277
"경기도",남양주시,소계,681077,339886,341191,15227,8224,7003,10876,6567,4309,3790,3348,442,1770,263,1507,475,235,240,1080,491,589,3761,2230,1531,1509,209,1300,2842,1448,1394
"경기도",오산시,소계,233998,120893,113105,18605,9279,9326,15088,7907,7181,3587,2326,1261,1503,367,1136,298,166,132,5363,2771,2592,4337,2277,2060,1819,471,1348,1698,901,797
"경기도",시흥시,소계,508749,269625,239124,59634,33362,26272,50283,29804,20479,16590,12570,4020,4012,966,3046,403,199,204,14309,7493,6816,14969,8576,6393,5061,1388,3673,4290,2170,2120
"경기도",군포시,소계,275154,136614,138540,13019,6400,6619,10435,5431,5004,2650,1744,906,1140,322,818,188,94,94,3060,1429,1631,3397,1842,1555,1427,363,1064,1157,606,551
"경기도",의왕시,소계,155826,77677,78149,2581,1264,1317,1821,958,863,440,295,145,314,73,241,60,37,23,320,153,167,687,400,287,284,53,231,476,253,223
"경기도",하남시,소계,260544,130979,129565,5092,2630,2462,3563,2070,1493,1146,938,208,601,109,492,28,15,13,573,269,304,1215,739,476,572,79,493,957,481,476
"경기도",용인시,소계,1052529,525139,527390,34101,18658,15443,28397,16378,12019,7982,6083,1899,2681,669,2012,3680,1826,1854,4677,2156,2521,9377,5644,3733,2156,428,1728,3548,1852,1696
"경기도",용인시,처인구,266647,138547,128100,17123,10350,6773,14623,9410,5213,5893,4784,1109,1015,198,817,1330,749,581,1822,915,907,4563,2764,1799,1114,208,906,1386,732,654
"경기도",용인시,기흥구,434075,214565,219510,11222,5448,5774,9093,4599,4494,1378,914,464,1053,272,781,2172,1008,1164,1651,746,905,2839,1659,1180,754,157,597,1375,692,683
"경기도",용인시,수지구,351807,172027,179780,5756,2860,2896,4681,2369,2312,711,385,326,613,199,414,178,69,109,1204,495,709,1975,1221,754,288,63,225,787,428,359
"경기도",파주시,소계,454328,233834,220494,20396,13082,7314,16488,11636,4852,7224,6416,808,1565,288,1277,94,63,31,1484,800,684,6121,4069,2052,1599,279,1320,2309,1167,1142
"경기도",이천시,소계,222995,115769,107226,12866,7336,5530,11017,6675,4342,5209,3746,1463,781,102,679,75,47,28,1002,604,398,3950,2176,1774,674,77,597,1175,584,591
"경기도",안성시,소계,202284,105953,96331,19999,12247,7752,17778,11436,6342,6839,5419,1420,964,146,818,828,463,365,3574,2062,1512,5573,3346,2227,924,157,767,1297,654,643
"경기도",김포시,소계,442910,229269,213641,32522,23286,9236,28071,21557,6514,14230,13020,1210,1810,470,1340,304,126,178,3041,1706,1335,8686,6235,2451,2052,494,1558,2399,1235,1164
"경기도",화성시,소계,838635,444058,394577,65040,43305,21735,57123,40250,16873,27310,23374,3936,3641,780,2861,923,420,503,6787,3777,3010,18462,11899,6563,3331,719,2612,4586,2336,2250
"경기도",광주시,소계,375238,194288,180950,22641,14093,8548,18806,12665,6141,8273,7030,1243,1478,265,1213,524,268,256,2107,1079,1028,6424,4023,2401,1655,294,1361,2180,1134,1046
"경기도",양주시,소계,224684,115541,109143,13105,8711,4394,10776,7833,2943,4463,4089,374,865,142,723,468,334,134,815,485,330,4165,2783,1382,945,179,766,1384,699,685
"경기도",포천시,소계,159871,87476,72395,21113,14867,6246,18933,14071,4862,9334,8059,1275,869,133,736,502,243,259,1155,713,442,7073,4923,2150,896,128,768,1284,668,616
"경기도",여주시,소계,111981,57249,54732,6323,3589,2734,5350,3250,2100,2304,1729,575,402,40,362,322,218,104,440,242,198,1882,1021,861,374,34,340,599,305,294
"경기도",연천군,소계,42540,22578,19962,1893,1198,695,1429,1013,416,552,489,63,134,11,123,*,*,*,80,41,39,663,472,191,145,9,136,319,176,143
"경기도",가평군,소계,59823,30360,29463,2315,974,1341,1529,684,845,265,199,66,416,62,354,60,25,35,203,95,108,585,303,282,258,32,226,528,258,270
"경기도",양평군,소계,111836,56004,55832,3303,1436,1867,2423,1097,1326,879,514,365,333,51,282,48,32,16,300,120,180,863,380,483,279,21,258,601,318,283
"강원도",소계,소계,1520127,767717,752410,38504,18844,19660,27008,14619,12389,6550,5334,1216,3873,371,3502,4406,2678,1728,1854,867,987,10325,5369,4956,3786,286,3500,7710,3939,3771
"강원도",춘천시,소계,284753,140095,144658,7588,3739,3849,5875,3095,2780,560,434,126,657,88,569,2160,1296,864,295,122,173,2203,1155,1048,543,47,496,1170,597,573
"강원도",원주시,소계,349319,174245,175074,7599,3706,3893,5135,2791,2344,1222,987,235,759,116,643,626,337,289,509,257,252,2019,1094,925,886,98,788,1578,817,761
"강원도",강릉시,소계,216357,108707,107650,4598,2211,2387,3492,1787,1705,648,508,140,464,41,423,707,394,313,253,124,129,1420,720,700,361,38,323,745,386,359
"강원도",동해시,소계,86780,44086,42694,1712,892,820,1205,721,484,463,429,34,210,13,197,11,*,7,75,30,45,446,245,201,161,17,144,346,154,192
"강원도",태백시,소계,42474,21366,21108,695,226,469,368,107,261,55,32,23,106,6,100,*,*,*,28,13,15,179,56,123,104,*,100,223,115,108
"강원도",속초시,소계,78643,39015,39628,1956,1027,929,1434,852,582,556,457,99,190,22,168,63,39,24,139,63,76,486,271,215,184,17,167,338,158,180
"강원도",삼척시,소계,67210,34827,32383,1525,795,730,1013,583,430,328,304,24,172,6,166,102,70,32,17,6,11,394,197,197,154,8,146,358,204,154
"강원도",홍천군,소계,66634,34090,32544,2195,1078,1117,1418,799,619,614,496,118,203,12,191,*,*,*,117,50,67,481,240,241,269,10,259,508,269,239
"강원도",횡성군,소계,44431,22615,21816,1630,804,826,1009,563,446,365,301,64,162,12,150,20,15,5,89,42,47,373,193,180,207,15,192,414,226,188
"강원도",영월군,소계,36332,18696,17636,860,338,522,519,213,306,73,58,15,112,10,102,*,*,*,44,25,19,288,119,169,106,*,103,235,122,113
"강원도",평창군,소계,39657,20341,19316,1043,435,608,655,290,365,149,114,35,146,12,134,15,*,12,88,47,41,257,114,143,119,5,114,269,140,129
"강원도",정선군,소계,35255,18390,16865,899,301,598,439,134,305,66,50,16,144,6,138,*,*,*,35,13,22,194,65,129,138,9,129,322,158,164
"강원도",철원군,소계,43520,22869,20651,1550,815,735,1087,652,435,547,439,108,130,5,125,*,*,*,39,16,23,370,192,178,130,*,126,333,159,174
"강원도",화천군,소계,23425,12636,10789,646,266,380,400,193,207,146,113,33,81,*,80,*,*,*,15,9,6,158,70,88,69,*,68,177,72,105
"강원도",양구군,소계,21780,11569,10211,660,257,403,415,156,259,119,78,41,106,*,105,*,*,*,19,6,13,171,71,100,76,*,73,169,98,71
"강원도",인제군,소계,30133,16333,13800,805,369,436,503,262,241,210,150,60,80,5,75,*,*,*,26,17,9,187,90,97,107,*,105,195,105,90
"강원도",고성군,소계,27144,14505,12639,1887,1259,628,1624,1184,440,268,246,22,71,11,60,693,516,177,30,10,20,562,401,161,93,*,90,170,72,98
"강원도",양양군,소계,26280,13332,12948,656,326,330,417,237,180,161,138,23,80,*,76,*,*,*,36,17,19,137,76,61,79,*,77,160,87,73
"충청북도",소계,소계,1629343,832543,796800,74880,42590,32290,59783,37021,22762,20077,16574,3503,5601,765,4836,4408,2504,1904,9342,5560,3782,20355,11618,8737,5382,604,4778,9715,4965,4750
"충청북도",충주시,소계,216446,110758,105688,9586,5467,4119,7687,4781,2906,2534,2033,501,711,112,599,1023,651,372,739,479,260,2680,1506,1174,662,62,600,1237,624,613
"충청북도",제천시,소계,136093,68500,67593,3651,1626,2025,2311,1131,1180,448,374,74,414,44,370,293,132,161,167,96,71,989,485,504,460,44,416,880,451,429
"충청북도",청주시,소계,850938,429372,421566,26416,13478,12938,20843,11393,9450,5013,3830,1183,2198,325,1873,2503,1309,1194,3734,1929,1805,7395,4000,3395,2038,258,1780,3535,1827,1708
"충청북도",청주시,상당구,173783,86676,87107,2678,1133,1545,1618,729,889,375,290,85,378,29,349,25,21,*,217,101,116,623,288,335,373,36,337,687,368,319
"충청북도",청주시,서원구,210273,104590,105683,6122,2970,3152,4866,2489,2377,904,658,246,480,96,384,859,436,423,977,468,509,1646,831,815,445,62,383,811,419,392
"충청북도",청주시,흥덕구,266301,135116,131185,9870,5167,4703,8152,4531,3621,2091,1526,565,727,116,611,605,327,278,1793,945,848,2936,1617,1319,658,87,571,1060,549,511
"충청북도",청주시,청원구,200581,102990,97591,7746,4208,3538,6207,3644,2563,1643,1356,287,613,84,529,1014,525,489,747,415,332,2190,1264,926,562,73,489,977,491,486
"충청북도",보은군,소계,32001,16139,15862,1302,562,740,708,349,359,204,184,20,145,6,139,*,*,*,58,30,28,300,128,172,180,8,172,414,205,209
"충청북도",옥천군,소계,49117,24706,24411,1862,915,947,1048,626,422,390,357,33,182,21,161,*,*,*,74,45,29,400,202,198,268,6,262,546,283,263
"충청북도",영동군,소계,48004,24076,23928,1671,862,809,1097,631,466,227,198,29,206,15,191,238,213,25,65,40,25,361,165,196,161,11,150,413,220,193
"충청북도",진천군,소계,87525,47307,40218,10462,6784,3678,9058,6257,2801,3727,3151,576,563,96,467,24,15,9,1871,1215,656,2873,1780,1093,546,88,458,858,439,419
"충청북도",괴산군,소계,38808,20265,18543,1966,1123,843,1518,965,553,521,459,62,163,8,155,249,143,106,139,96,43,446,259,187,130,6,124,318,152,166
"충청북도",음성군,소계,104823,58027,46796,15676,10768,4908,14065,10176,3889,6619,5669,950,709,103,606,58,26,32,2268,1494,774,4411,2884,1527,639,91,548,972,501,471
"충청북도",단양군,소계,28095,14146,13949,644,239,405,314,121,193,70,64,6,98,5,93,*,*,*,18,7,11,128,45,83,105,*,101,225,114,111
"충청북도",증평군,소계,37493,19247,18246,1644,766,878,1134,591,543,324,255,69,212,30,182,17,13,*,209,129,80,372,164,208,193,26,167,317,149,168
"충청남도",소계,소계,2188649,1124678,1063971,127057,71691,55366,104018,63093,40925,34757,28133,6624,9089,1140,7949,7662,3775,3887,17827,10510,7317,34683,19535,15148,8234,1055,7179,14805,7543,7262
"충청남도",천안시,소계,679743,348353,331390,35781,19756,16025,30159,17661,12498,8589,6810,1779,2595,451,2144,3259,1550,1709,6024,3411,2613,9692,5439,4253,2242,395,1847,3380,1700,1680
"충청남도",천안시,동남구,279153,142402,136751,16167,8900,7267,13668,7966,5702,3722,2926,796,1116,177,939,1737,846,891,2802,1587,1215,4291,2430,1861,1017,173,844,1482,761,721
"충청남도",천안시,서북구,400590,205951,194639,19614,10856,8758,16491,9695,6796,4867,3884,983,1479,274,1205,1522,704,818,3222,1824,1398,5401,3009,2392,1225,222,1003,1898,939,959
"충청남도",공주시,소계,109877,54485,55392,4286,2001,2285,2918,1501,1417,794,663,131,448,56,392,394,182,212,201,117,84,1081,483,598,411,34,377,957,466,491
"충청남도",보령시,소계,99320,51427,47893,5116,3483,1633,4118,3113,1005,2172,2045,127,374,19,355,75,65,10,182,81,101,1315,903,412,333,23,310,665,347,318
"충청남도",아산시,소계,347032,182818,164214,32271,19025,13246,28399,17634,10765,8882,7015,1867,1727,318,1409,2182,1014,1168,6825,4033,2792,8783,5254,3529,1608,257,1351,2264,1134,1130
"충청남도",서산시,소계,175204,91088,84116,8369,4349,4020,6583,3648,2935,1501,1192,309,715,84,631,632,330,302,1220,710,510,2515,1332,1183,638,82,556,1148,619,529
"충청남도",논산시,소계,122111,61167,60944,7610,3696,3914,5945,3091,2854,2411,1538,873,498,32,466,233,112,121,361,225,136,2442,1184,1258,529,32,497,1136,573,563
"충청남도",계룡시,소계,41153,20531,20622,503,235,268,314,162,152,85,71,14,68,11,57,*,*,*,34,15,19,127,65,62,55,*,52,134,70,64
"충청남도",당진시,소계,169171,90358,78813,10674,6489,4185,8604,5683,2921,3228,2822,406,849,66,783,54,31,23,1635,1081,554,2838,1683,1155,751,110,641,1319,696,623
"충청남도",금산군,소계,54442,27198,27244,4201,1952,2249,3241,1614,1627,1059,642,417,242,6,236,737,449,288,93,66,27,1110,451,659,279,7,272,681,331,350
"충청남도",부여군,소계,65337,32446,32891,2830,1362,1468,1897,996,901,712,557,155,305,12,293,5,*,*,68,40,28,807,385,422,243,11,232,690,355,335
"충청남도",서천군,소계,51826,26010,25816,2487,1641,846,1990,1448,542,1073,977,96,189,5,184,*,*,*,34,22,12,692,443,249,164,12,152,333,181,152
"충청남도",청양군,소계,30783,15600,15183,1388,637,751,898,438,460,336,254,82,154,6,148,*,*,*,68,29,39,340,149,191,134,8,126,356,191,165
"충청남도",홍성군,소계,102791,51530,51261,4658,2818,1840,3593,2414,1179,1480,1317,163,376,38,338,73,30,43,515,330,185,1149,699,450,347,38,309,718,366,352
"충청남도",예산군,소계,78963,40300,38663,4363,2665,1698,3392,2311,1081,1479,1331,148,319,28,291,7,*,*,437,277,160,1150,672,478,340,28,312,631,326,305
"충청남도",태안군,소계,60896,31367,29529,2520,1582,938,1967,1379,588,956,899,57,230,8,222,9,6,*,130,73,57,642,393,249,160,15,145,393,188,205
"전라북도",소계,소계,1807423,902704,904719,62151,30942,31209,43960,24077,19883,11096,9335,1761,6000,521,5479,8234,4853,3381,2177,1136,1041,16453,8232,8221,5595,313,5282,12596,6552,6044
"전라북도",전주시,소계,662086,327260,334826,14733,6682,8051,10994,5235,5759,1082,804,278,1380,153,1227,3886,2092,1794,497,213,284,4149,1973,2176,1173,69,1104,2566,1378,1188
"전라북도",전주시,완산구,341123,166781,174342,6666,3036,3630,4886,2330,2556,375,261,114,660,80,580,1915,1084,831,221,96,125,1715,809,906,564,35,529,1216,671,545
"전라북도",전주시,덕진구,320963,160479,160484,8067,3646,4421,6108,2905,3203,707,543,164,720,73,647,1971,1008,963,276,117,159,2434,1164,1270,609,34,575,1350,707,643
"전라북도",군산시,소계,270635,138144,132491,10539,6120,4419,8136,5242,2894,2760,2551,209,1017,106,911,929,615,314,592,322,270,2838,1648,1190,800,67,733,1603,811,792
"전라북도",익산시,소계,290119,145682,144437,9874,4708,5166,7045,3666,3379,1751,1335,416,1000,113,887,1229,701,528,284,158,126,2781,1359,1422,943,74,869,1886,968,918
"전라북도",정읍시,소계,107348,53527,53821,5354,2921,2433,3838,2338,1500,1170,1052,118,435,41,394,627,415,212,211,108,103,1395,722,673,472,31,441,1044,552,492
"전라북도",남원시,소계,77690,38019,39671,2573,1073,1500,1475,648,827,365,301,64,366,20,346,*,*,*,104,54,50,639,273,366,289,5,284,809,420,389
"전라북도",김제시,소계,80422,40068,40354,3942,2275,1667,2748,1832,916,1286,1164,122,345,33,312,7,5,*,106,63,43,1004,567,437,364,11,353,830,432,398
"전라북도",완주군,소계,96212,49610,46602,6101,3262,2839,4713,2751,1962,1145,845,300,368,26,342,1519,1020,499,163,94,69,1518,766,752,420,21,399,968,490,478
"전라북도",진안군,소계,23013,11446,11567,1012,378,634,512,201,311,141,107,34,136,*,132,*,*,*,22,10,12,213,80,133,142,5,137,358,172,186
"전라북도",무주군,소계,22852,11323,11529,709,245,464,330,102,228,52,41,11,114,*,113,*,*,*,7,*,*,157,56,101,93,*,92,286,142,144
"전라북도",장수군,소계,21267,10544,10723,1003,425,578,527,241,286,188,139,49,108,*,104,*,*,*,24,15,9,207,83,124,145,*,142,331,181,150
"전라북도",임실군,소계,26144,13099,13045,1032,425,607,480,206,274,113,101,12,118,*,115,*,*,*,13,9,*,236,93,143,154,*,150,398,215,183
"전라북도",순창군,소계,26642,12782,13860,1055,408,647,527,203,324,142,116,26,152,*,148,*,*,*,29,16,13,204,67,137,139,*,138,389,204,185
"전라북도",고창군,소계,53260,26405,26855,2252,1076,1176,1410,741,669,507,423,84,246,8,238,36,5,31,85,52,33,536,253,283,227,9,218,615,326,289
"전라북도",부안군,소계,49733,24795,24938,1972,944,1028,1225,671,554,394,356,38,215,5,210,*,*,*,40,18,22,576,292,284,234,12,222,513,261,252
"전라남도",소계,소계,1787543,901813,885730,68719,37751,30968,47778,29743,18035,18839,17071,1768,6684,387,6297,2197,1314,883,2274,1291,983,17784,9680,8104,6038,291,5747,14903,7717,7186
"전라남도",목포시,소계,228876,114854,114022,6346,3269,3077,4532,2585,1947,1310,1173,137,693,58,635,530,323,207,262,139,123,1737,892,845,591,41,550,1223,643,580
"전라남도",여수시,소계,270283,139231,131052,8519,5355,3164,6433,4564,1869,2843,2725,118,840,54,786,295,211,84,146,78,68,2309,1496,813,601,40,561,1485,751,734
"전라남도",순천시,소계,270202,134542,135660,4968,2160,2808,2887,1352,1535,602,483,119,642,63,579,344,230,114,142,71,71,1157,505,652,629,32,597,1452,776,676
"전라남도",나주시,소계,112101,55881,56220,5387,2762,2625,3862,2195,1667,1256,1046,210,444,33,411,466,246,220,148,79,69,1548,791,757,441,16,425,1084,551,533
"전라남도",광양시,소계,143656,74523,69133,3864,1664,2200,2252,1035,1217,566,499,67,543,27,516,*,*,*,164,96,68,978,412,566,488,34,454,1124,595,529
"전라남도",담양군,소계,43804,21950,21854,2111,987,1124,1459,743,716,716,486,230,167,7,160,*,*,*,34,19,15,541,230,311,177,*,174,475,241,234
"전라남도",곡성군,소계,27858,13690,14168,1165,563,602,707,394,313,174,154,20,116,5,111,127,87,40,29,17,12,261,131,130,129,*,127,329,167,162
"전라남도",구례군,소계,23836,11471,12365,713,250,463,337,117,220,65,56,9,105,*,102,*,*,*,24,10,14,143,48,95,104,*,104,272,133,139
"전라남도",고흥군,소계,60332,29496,30836,2407,1332,1075,1511,987,524,701,670,31,239,12,227,*,*,*,52,30,22,519,275,244,286,9,277,610,336,274
"전라남도",보성군,소계,38339,18442,19897,1288,500,788,685,285,400,245,178,67,151,*,151,*,*,*,13,*,9,273,103,170,165,6,159,438,209,229
"전라남도",화순군,소계,59671,28900,30771,2185,942,1243,1302,610,692,431,338,93,263,5,258,35,16,19,50,27,23,523,224,299,253,6,247,630,326,304
"전라남도",장흥군,소계,35494,17250,18244,1399,649,750,829,423,406,316,266,50,162,8,154,*,*,*,31,17,14,319,132,187,155,5,150,415,221,194
"전라남도",강진군,소계,32805,15757,17048,1190,486,704,664,295,369,205,166,39,148,*,146,*,*,*,33,16,17,278,111,167,153,*,149,373,187,186
"전라남도",해남군,소계,65175,32434,32741,3051,1631,1420,2009,1217,792,842,773,69,326,*,322,*,*,*,93,57,36,748,383,365,267,9,258,775,405,370
"전라남도",영암군,소계,57476,30908,26568,7269,4979,2290,6154,4546,1608,2633,2468,165,409,55,354,75,22,53,758,459,299,2279,1542,737,358,40,318,757,393,364
"전라남도",무안군,소계,81789,41571,40218,3270,1738,1532,2323,1366,957,739,651,88,285,9,276,311,175,136,65,36,29,923,495,428,269,15,254,678,357,321
"전라남도",함평군,소계,30556,15229,15327,1572,792,780,983,548,435,459,360,99,139,*,135,*,*,*,28,19,9,355,165,190,155,*,152,434,241,193
"전라남도",영광군,소계,50004,25007,24997,2017,1051,966,1304,767,537,511,477,34,233,14,219,*,*,*,49,25,24,509,250,259,166,6,160,547,278,269
"전라남도",장성군,소계,42193,21369,20824,2322,1236,1086,1543,940,603,676,598,78,212,11,201,*,*,*,48,31,17,603,299,304,224,*,221,555,293,262
"전라남도",완도군,소계,48366,25336,23030,3506,2570,936,2849,2303,546,1726,1699,27,243,7,236,*,*,*,65,36,29,815,561,254,169,5,164,488,262,226
"전라남도",진도군,소계,29295,15134,14161,2521,1829,692,1995,1653,342,1248,1235,13,159,*,155,*,*,*,21,12,9,567,402,165,128,*,125,398,173,225
"전라남도",신안군,소계,35432,18838,16594,1649,1006,643,1158,818,340,575,570,5,165,*,163,*,*,*,19,13,6,399,233,166,130,9,121,361,179,182
"경상북도",소계,소계,2668154,1352404,1315750,104596,58902,45694,81840,50448,31392,26483,23040,3443,8007,882,7125,11117,6269,4848,6085,3552,2533,30148,16705,13443,7118,498,6620,15638,7956,7682
"경상북도",포항시,소계,502064,254874,247190,11639,6233,5406,8588,5104,3484,2453,2289,164,1121,120,1001,1161,630,531,393,195,198,3460,1870,1590,915,78,837,2136,1051,1085
"경상북도",포항시,남구,233172,121579,111593,6128,3525,2603,4431,2898,1533,1755,1649,106,595,56,539,159,91,68,167,90,77,1755,1012,743,519,40,479,1178,587,591
"경상북도",포항시,북구,268892,133295,135597,5511,2708,2803,4157,2206,1951,698,640,58,526,64,462,1002,539,463,226,105,121,1705,858,847,396,38,358,958,464,494
"경상북도",경주시,소계,264314,134636,129678,19958,11898,8060,17513,11020,6493,5706,4646,1060,1002,157,845,2071,1105,966,2609,1527,1082,6125,3585,2540,830,77,753,1615,801,814
"경상북도",김천시,소계,139902,70085,69817,4579,2371,2208,3330,1895,1435,959,853,106,387,45,342,535,243,292,188,114,74,1261,640,621,390,20,370,859,456,403
"경상북도",안동시,소계,160344,79503,80841,3380,1482,1898,2084,998,1086,433,361,72,416,32,384,194,99,95,108,56,52,933,450,483,382,21,361,914,463,451
"경상북도",구미시,소계,420319,217387,202932,9880,5028,4852,7035,3978,3057,2273,1844,429,1077,158,919,297,194,103,691,394,297,2697,1388,1309,981,96,885,1864,954,910
"경상북도",영주시,소계,105235,52678,52557,2535,1142,1393,1568,781,787,354,298,56,301,9,292,135,92,43,91,58,33,687,324,363,260,8,252,707,353,354
"경상북도",영천시,소계,100487,51762,48725,5712,3737,1975,4692,3368,1324,2018,1883,135,382,43,339,414,271,143,354,247,107,1524,924,600,347,22,325,673,347,326
"경상북도",상주시,소계,96641,47669,48972,2710,1118,1592,1453,656,797,356,307,49,319,19,300,26,17,9,98,44,54,654,269,385,356,13,343,901,449,452
"경상북도",문경시,소계,68542,33614,34928,1865,794,1071,1031,486,545,263,215,48,193,12,181,41,29,12,118,60,58,416,170,246,279,19,260,555,289,266
"경상북도",경산시,소계,290088,146429,143659,17540,10086,7454,15542,9320,6222,2601,2273,328,786,131,655,6188,3561,2627,535,324,211,5432,3031,2401,665,69,596,1333,697,636
"경상북도",군위군,소계,22206,11434,10772,1001,639,362,749,546,203,334,319,15,85,*,83,*,*,*,24,17,7,306,208,98,73,*,72,179,92,87
"경상북도",의성군,소계,49477,24114,25363,1443,720,723,911,513,398,321,301,20,171,6,165,*,*,*,59,41,18,360,165,195,146,7,139,386,200,186
"경상북도",청송군,소계,23958,11929,12029,644,221,423,324,97,227,30,22,8,99,5,94,*,*,*,19,6,13,176,64,112,93,*,89,227,120,107
"경상북도",영양군,소계,16146,7832,8314,565,177,388,307,78,229,36,25,11,93,*,92,*,*,*,11,*,8,167,49,118,70,*,69,188,98,90
"경상북도",영덕군,소계,35672,17342,18330,1798,1192,606,1408,1060,348,802,764,38,141,8,133,*,*,*,22,6,16,443,282,161,127,*,123,263,128,135
"경상북도",청도군,소계,41054,19891,21163,1941,850,1091,1563,722,841,834,486,348,127,12,115,*,*,*,44,25,19,558,199,359,118,*,116,260,126,134
"경상북도",고령군,소계,32191,16961,15230,2841,2058,783,2437,1923,514,1374,1278,96,138,7,131,31,16,15,123,82,41,771,540,231,130,*,126,274,131,143
"경상북도",성주군,소계,41314,21570,19744,2810,1899,911,2309,1713,596,1251,1135,116,176,10,166,7,*,*,94,68,26,781,497,284,138,*,134,363,182,181
"경상북도",칠곡군,소계,118517,62074,56443,6583,4148,2435,5402,3696,1706,2322,2049,273,530,84,446,17,9,8,369,223,146,2164,1331,833,383,36,347,798,416,382
"경상북도",예천군,소계,53020,25971,27049,1497,591,906,756,312,444,192,159,33,179,10,169,*,*,*,27,12,15,358,131,227,205,5,200,536,274,262
"경상북도",봉화군,소계,30308,15056,15252,880,332,548,478,166,312,87,75,12,145,*,144,*,*,*,38,18,20,208,72,136,98,*,94,304,162,142
"경상북도",울진군,소계,47651,24745,22906,2486,1947,539,2086,1794,292,1333,1317,16,125,9,116,*,*,*,35,11,24,593,457,136,124,*,122,276,151,125
"경상북도",울릉군,소계,8704,4848,3856,309,239,70,274,222,52,151,141,10,14,*,13,*,*,*,35,21,14,74,59,15,8,*,7,27,16,11
"경상남도",소계,소계,3347209,1703892,1643317,134675,81804,52871,105908,71212,34696,43162,38187,4975,10305,1555,8750,3640,2032,1608,9413,5584,3829,39388,23854,15534,9691,721,8970,19076,9871,9205
"경상남도",진주시,소계,354166,176860,177306,9741,5256,4485,7152,4284,2868,2071,1835,236,848,148,700,1270,707,563,274,149,125,2689,1445,1244,850,36,814,1739,936,803
"경상남도",통영시,소계,129931,67013,62918,6725,4798,1927,5339,4290,1049,3046,2950,96,423,55,368,8,*,5,239,128,111,1623,1154,469,450,28,422,936,480,456
"경상남도",사천시,소계,111110,57277,53833,5803,4023,1780,4747,3629,1118,2361,2246,115,347,33,314,7,*,*,187,115,72,1845,1232,613,335,14,321,721,380,341
"경상남도",김해시,소계,549331,282374,266957,31744,20754,10990,27061,19074,7987,11132,10032,1100,1976,381,1595,1077,627,450,3287,1904,1383,9589,6130,3459,1709,146,1563,2974,1534,1440
"경상남도",밀양시,소계,103402,50463,52939,5153,2198,2955,4125,1831,2294,2137,1149,988,337,18,319,27,11,16,137,77,60,1487,576,911,304,12,292,724,355,369
"경상남도",거제시,소계,251226,135173,116053,13129,8634,4495,10586,7675,2911,4204,3920,284,873,144,729,119,97,22,822,542,280,4568,2972,1596,855,82,773,1688,877,811
"경상남도",양산시,소계,347221,175280,171941,11685,6800,4885,8929,5783,3146,3237,2879,358,1115,200,915,167,87,80,1038,591,447,3372,2026,1346,978,107,871,1778,910,868
"경상남도",창원시,소계,1036862,528300,508562,28101,15755,12346,21224,13268,7956,7013,6179,834,2752,451,2301,948,485,463,2442,1455,987,8069,4698,3371,2429,221,2208,4448,2266,2182
"경상남도",창원시,의창구,256001,130662,125339,7052,3702,3350,5100,2991,2109,1519,1310,209,731,128,603,299,153,146,607,343,264,1944,1057,887,681,64,617,1271,647,624
"경상남도",창원시,성산구,219951,114488,105463,6338,4057,2281,5191,3635,1556,2006,1806,200,529,78,451,56,36,20,515,329,186,2085,1386,699,429,47,382,718,375,343
"경상남도",창원시,마산합포구,177579,88712,88867,4192,2266,1926,3145,1882,1263,1031,934,97,398,41,357,347,156,191,181,93,88,1188,658,530,326,21,305,721,363,358
"경상남도",창원시,마산회원구,192446,96351,96095,4136,2058,2078,2871,1611,1260,796,677,119,449,71,378,210,112,98,318,188,130,1098,563,535,452,42,410,813,405,408
"경상남도",창원시,진해구,190885,98087,92798,6383,3672,2711,4917,3149,1768,1661,1452,209,645,133,512,36,28,8,821,502,319,1754,1034,720,541,47,494,925,476,449
"경상남도",의령군,소계,26040,12736,13304,1395,774,621,1050,643,407,527,413,114,93,*,90,*,*,*,53,40,13,377,187,190,114,5,109,231,126,105
"경상남도",함안군,소계,66611,34951,31660,5752,4241,1511,4846,3910,936,2616,2494,122,297,49,248,*,*,*,234,169,65,1698,1197,501,315,25,290,591,306,285
"경상남도",창녕군,소계,62370,31701,30669,4708,2983,1725,3908,2667,1241,1865,1545,320,238,19,219,*,*,*,396,244,152,1405,856,549,235,10,225,565,306,259
"경상남도",고성군,소계,50887,25867,25020,2462,1520,942,1828,1286,542,866,802,64,200,22,178,*,*,*,85,51,34,677,411,266,206,6,200,428,228,200
"경상남도",남해군,소계,42169,20688,21481,1630,1118,512,1179,946,233,687,679,8,108,6,102,*,*,*,28,9,19,353,251,102,142,5,137,309,167,142
"경상남도",하동군,소계,42583,21017,21566,1295,521,774,755,318,437,254,187,67,152,*,148,*,*,*,15,*,11,334,123,211,152,*,149,388,200,188
"경상남도",산청군,소계,33579,16247,17332,1353,596,757,920,432,488,405,247,158,101,5,96,*,*,*,55,32,23,358,148,210,117,*,115,316,162,154
"경상남도",함양군,소계,37384,18088,19296,1236,562,674,658,360,298,182,165,17,130,5,125,*,*,*,41,21,20,305,169,136,171,5,166,407,197,210
"경상남도",거창군,소계,59888,29499,30389,1425,610,815,756,370,386,233,202,31,175,9,166,8,7,*,37,24,13,303,128,175,197,7,190,472,233,239
"경상남도",합천군,소계,42449,20358,22091,1338,661,677,845,446,399,326,263,63,140,*,137,*,*,*,43,29,14,336,151,185,132,7,125,361,208,153
"제주특별자치도",소계,소계,665048,336598,328450,34473,19097,15376,28017,16496,11521,10063,7571,2492,2742,407,2335,2290,1358,932,2087,999,1088,10835,6161,4674,2112,373,1739,4344,2228,2116
"제주특별자치도",제주시,소계,487688,246161,241527,23627,12775,10852,19054,10935,8119,6093,4485,1608,1942,285,1657,2266,1348,918,1635,812,823,7118,4005,3113,1568,307,1261,3005,1533,1472
"제주특별자치도",서귀포시,소계,177360,90437,86923,10846,6322,4524,8963,5561,3402,3970,3086,884,800,122,678,24,10,14,452,187,265,3717,2156,1561,544,66,478,1339,695,644
