"시군구별(1)","시군구별(2)",성별(1),2018,2018,2018,2018,2018,2018,2018,2018,2018,2018
"시군구별(1)","시군구별(2)",성별(1),실인원,비만관리,혈압관리,이상지질혈증관리,간기능관리,당뇨관리,신장기능관리,빈혈관리,골다공증관리,기타질환관리
"계","소계",합계,11603032,4811298,4947968,1997015,1322127,3811081,557266,774593,169846,2217751
"계","소계",남자,6642676,3082437,3111918,1117663,892527,2387904,307599,154501,-,1232357
"계","소계",여자,4960356,1728861,1836050,879352,429600,1423177,249667,620092,169846,985394
"서울","소계",합계,2041878,819326,858659,355623,224947,647833,125728,124317,33175,423470
"서울","소계",남자,1109910,513669,507866,195766,146534,392159,64660,22151,-,216837
"서울","소계",여자,931968,305657,350793,159857,78413,255674,61068,102166,33175,206633
"서울","종로구",합계,30182,12268,13029,5480,3274,9987,1699,1904,521,6093
"서울","종로구",남자,15837,7310,7450,2866,2054,5774,840,337,-,3019
"서울","종로구",여자,14345,4958,5579,2614,1220,4213,859,1567,521,3074
"서울","중구",합계,25456,10713,10783,4150,2752,7515,1603,1538,447,4750
"서울","중구",남자,13471,6498,6208,2226,1722,4478,817,298,-,2343
"서울","중구",여자,11985,4215,4575,1924,1030,3037,786,1240,447,2407
"서울","용산구",합계,42153,16877,17599,6979,4173,13551,2249,2634,668,9166
"서울","용산구",남자,22744,10775,10416,3881,2774,8198,1153,405,-,4273
"서울","용산구",여자,19409,6102,7183,3098,1399,5353,1096,2229,668,4893
"서울","성동구",합계,61418,24653,24954,10534,6845,19069,3780,3539,999,13117
"서울","성동구",남자,33979,15736,15361,5894,4512,11722,1987,629,-,6426
"서울","성동구",여자,27439,8917,9593,4640,2333,7347,1793,2910,999,6691
"서울","광진구",합계,74825,29530,32058,11684,7897,23068,5479,4220,1160,14644
"서울","광진구",남자,40356,18613,18675,6600,5071,13892,2636,679,-,7700
"서울","광진구",여자,34469,10917,13383,5084,2826,9176,2843,3541,1160,6944
"서울","동대문구",합계,73690,29205,30691,13119,8544,23585,6566,4340,1330,18030
"서울","동대문구",남자,39383,17834,17850,6946,5427,13996,3158,851,-,8701
"서울","동대문구",여자,34307,11371,12841,6173,3117,9589,3408,3489,1330,9329
"서울","중랑구",합계,87847,36349,37860,14551,9567,28263,5769,5084,1615,17968
"서울","중랑구",남자,46882,21578,21541,7789,6008,16636,2794,1093,-,9604
"서울","중랑구",여자,40965,14771,16319,6762,3559,11627,2975,3991,1615,8364
"서울","성북구",합계,87968,36033,36294,15269,9957,29461,5435,5206,1358,17358
"서울","성북구",남자,46980,21899,21033,8075,6323,17251,2878,924,-,8880
"서울","성북구",여자,40988,14134,15261,7194,3634,12210,2557,4282,1358,8478
"서울","강북구",합계,65834,27467,26057,11859,7710,21551,3192,4156,1159,12836
"서울","강북구",남자,34032,15635,14540,6110,4641,12179,1667,760,-,6708
"서울","강북구",여자,31802,11832,11517,5749,3069,9372,1525,3396,1159,6128
"서울","도봉구",합계,73528,31142,30474,13235,8299,26165,4072,4470,1261,14933
"서울","도봉구",남자,39258,18752,17308,6951,5239,15026,2095,828,-,8384
"서울","도봉구",여자,34270,12390,13166,6284,3060,11139,1977,3642,1261,6549
"서울","노원구",합계,112017,46263,47445,19349,11961,33542,7779,6632,1846,20379
"서울","노원구",남자,61585,28884,28096,10748,7934,20860,3928,1147,-,11124
"서울","노원구",여자,50432,17379,19349,8601,4027,12682,3851,5485,1846,9255
"서울","은평구",합계,102048,40784,44720,17748,11193,35735,4705,6318,1685,17001
"서울","은평구",남자,54189,24564,25442,9400,6946,20533,2559,1150,-,9381
"서울","은평구",여자,47859,16220,19278,8348,4247,15202,2146,5168,1685,7620
"서울","서대문구",합계,64098,25625,27128,12046,6900,22371,3220,4200,1043,12077
"서울","서대문구",남자,33993,15637,15626,6380,4372,12849,1702,741,-,6352
"서울","서대문구",여자,30105,9988,11502,5666,2528,9522,1518,3459,1043,5725
"서울","마포구",합계,74360,30645,30647,12840,7727,23898,5566,5728,1153,13257
"서울","마포구",남자,40086,19056,18487,7305,5100,14282,2714,952,-,6782
"서울","마포구",여자,34274,11589,12160,5535,2627,9616,2852,4776,1153,6475
"서울","양천구",합계,96898,40020,41234,17248,10865,30770,6747,6128,1573,19476
"서울","양천구",남자,53721,25303,24608,9513,7190,19397,3512,1086,-,10109
"서울","양천구",여자,43177,14717,16626,7735,3675,11373,3235,5042,1573,9367
"서울","강서구",합계,136171,55253,59094,21259,15665,42870,9686,8378,2187,29172
"서울","강서구",남자,74594,34737,35452,11904,10277,26724,4673,1446,-,14373
"서울","강서구",여자,61577,20516,23642,9355,5388,16146,5013,6932,2187,14799
"서울","구로구",합계,97861,40670,40902,17141,10603,34259,4980,6109,1606,21772
"서울","구로구",남자,53507,24971,24183,9455,7089,20259,2651,1145,-,11673
"서울","구로구",여자,44354,15699,16719,7686,3514,14000,2329,4964,1606,10099
"서울","금천구",합계,55001,23207,21776,9064,6358,16819,2326,3028,819,11838
"서울","금천구",남자,30541,13862,13491,5212,4198,10382,1240,607,-,6339
"서울","금천구",여자,24460,9345,8285,3852,2160,6437,1086,2421,819,5499
"서울","영등포구",합계,84099,31985,35155,15021,9559,28109,5030,5091,1279,17626
"서울","영등포구",남자,46607,20520,21218,8466,6290,17084,2602,963,-,9411
"서울","영등포구",여자,37492,11465,13937,6555,3269,11025,2428,4128,1279,8215
"서울","동작구",합계,84355,33832,35072,15259,9036,25526,5306,4629,1379,19817
"서울","동작구",남자,45760,21406,20986,8422,5931,15686,2720,934,-,9349
"서울","동작구",여자,38595,12426,14086,6837,3105,9840,2586,3695,1379,10468
"서울","관악구",합계,108364,45472,45668,19604,12225,32000,6704,6070,1590,23301
"서울","관악구",남자,59383,27927,27160,11137,8028,19492,3480,1063,-,12590
"서울","관악구",여자,48981,17545,18508,8467,4197,12508,3224,5007,1590,10711
"서울","서초구",합계,77482,28886,32156,14739,8400,22692,5005,4523,1325,15184
"서울","서초구",남자,43836,20200,20040,8359,5777,14783,2650,732,-,7420
"서울","서초구",여자,33646,8686,12116,6380,2623,7909,2355,3791,1325,7764
"서울","강남구",합계,96509,33428,40717,18116,10507,29471,5588,5948,1595,20892
"서울","강남구",남자,52991,23451,24460,10063,7037,18541,2954,961,-,9853
"서울","강남구",여자,43518,9977,16257,8053,3470,10930,2634,4987,1595,11039
"서울","송파구",합계,137051,50784,58717,23523,14977,39487,7819,8256,2102,34829
"서울","송파구",남자,75877,34409,35436,13461,10169,25160,4396,1271,-,16787
"서울","송파구",여자,61174,16375,23281,10062,4808,14327,3423,6985,2102,18042
"서울","강동구",합계,92663,38235,38429,15806,9953,28069,5423,6188,1475,17954
"서울","강동구",남자,50318,24112,22799,8603,6425,16975,2854,1149,-,9256
"서울","강동구",여자,42345,14123,15630,7203,3528,11094,2569,5039,1475,8698
"부산","소계",합계,768687,307294,286789,133222,86765,272667,41797,55386,12585,151588
"부산","소계",남자,430075,192777,178428,73101,57728,166633,21603,12106,-,82810
"부산","소계",여자,338612,114517,108361,60121,29037,106034,20194,43280,12585,68778
"부산","중구",합계,9066,3567,3194,1483,949,2975,524,685,129,2067
"부산","중구",남자,4763,2095,1847,779,600,1660,251,171,-,1050
"부산","중구",여자,4303,1472,1347,704,349,1315,273,514,129,1017
"부산","서구",합계,24144,8808,9437,4026,2673,8240,1537,2067,373,5592
"부산","서구",남자,12888,5334,5539,2189,1759,4852,745,526,-,2760
"부산","서구",여자,11256,3474,3898,1837,914,3388,792,1541,373,2832
"부산","동구",합계,19681,7898,7247,2823,1813,6383,1129,1451,301,5430
"부산","동구",남자,10523,4591,4180,1541,1135,3747,546,320,-,2934
"부산","동구",여자,9158,3307,3067,1282,678,2636,583,1131,301,2496
"부산","영도구",합계,27088,11411,8998,5164,3851,9761,1762,2203,452,5197
"부산","영도구",남자,14774,6578,5522,2821,2528,5673,904,522,-,2823
"부산","영도구",여자,12314,4833,3476,2343,1323,4088,858,1681,452,2374
"부산","부산진구",합계,79405,29755,28483,13606,9269,28696,4117,6113,1299,15809
"부산","부산진구",남자,43046,18135,17338,7395,5943,17008,2057,1220,-,8415
"부산","부산진구",여자,36359,11620,11145,6211,3326,11688,2060,4893,1299,7394
"부산","동래구",합계,60058,24263,20625,10647,6938,20642,3882,4427,1134,12660
"부산","동래구",남자,33235,15301,12941,5630,4464,12778,1974,933,-,6637
"부산","동래구",여자,26823,8962,7684,5017,2474,7864,1908,3494,1134,6023
"부산","남구",합계,59477,25121,20468,9580,5717,22185,3216,3909,965,11413
"부산","남구",남자,32818,15336,12719,5327,3829,12982,1704,858,-,6435
"부산","남구",여자,26659,9785,7749,4253,1888,9203,1512,3051,965,4978
"부산","북구",합계,70306,27618,28453,13001,7878,24500,3651,4856,1165,14850
"부산","북구",남자,39368,17305,17191,7056,5297,15299,1789,1044,-,8318
"부산","북구",여자,30938,10313,11262,5945,2581,9201,1862,3812,1165,6532
"부산","해운대구",합계,86468,34127,33248,15404,9568,29222,4871,5954,1478,16342
"부산","해운대구",남자,48097,22384,20258,8132,6466,17983,2617,1154,-,8489
"부산","해운대구",여자,38371,11743,12990,7272,3102,11239,2254,4800,1478,7853
"부산","사하구",합계,78878,32549,31722,12954,8882,30146,3475,5292,1057,14848
"부산","사하구",남자,45465,20358,20008,7449,6055,18667,1943,1276,-,8448
"부산","사하구",여자,33413,12191,11714,5505,2827,11479,1532,4016,1057,6400
"부산","금정구",합계,54329,20789,19909,9715,6107,19072,3690,4036,1068,10900
"부산","금정구",남자,29567,12859,12207,5066,3997,11369,1789,929,-,5612
"부산","금정구",여자,24762,7930,7702,4649,2110,7703,1901,3107,1068,5288
"부산","강서구",합계,29212,12955,12669,5144,3639,10534,1180,1717,281,4882
"부산","강서구",남자,19616,9468,9262,3426,2749,7613,712,422,-,3354
"부산","강서구",여자,9596,3487,3407,1718,890,2921,468,1295,281,1528
"부산","연제구",합계,44560,16530,15752,8264,5216,15131,2834,3633,831,8781
"부산","연제구",남자,24338,10477,9647,4352,3354,9216,1416,758,-,4710
"부산","연제구",여자,20222,6053,6105,3912,1862,5915,1418,2875,831,4071
"부산","수영구",합계,38298,15191,14372,7006,4237,13744,1993,3086,707,6837
"부산","수영구",남자,20344,9373,8445,3652,2685,7826,981,681,-,3603
"부산","수영구",여자,17954,5818,5927,3354,1552,5918,1012,2405,707,3234
"부산","사상구",합계,54216,21423,19309,8749,5981,21154,2122,3782,862,10636
"부산","사상구",남자,30890,13137,12343,4959,3963,13020,1135,898,-,6126
"부산","사상구",여자,23326,8286,6966,3790,2018,8134,987,2884,862,4510
"부산","기장군",합계,33501,15289,12903,5656,4047,10282,1814,2175,483,5344
"부산","기장군",남자,20343,10046,8981,3327,2904,6940,1040,394,-,3096
"부산","기장군",여자,13158,5243,3922,2329,1143,3342,774,1781,483,2248
"대구","소계",합계,524253,208973,228685,87839,63077,157196,20599,40009,8067,82361
"대구","소계",남자,296767,136212,141598,47875,42479,97249,11574,8473,-,42681
"대구","소계",여자,227486,72761,87087,39964,20598,59947,9025,31536,8067,39680
"대구","중구",합계,15500,5815,6654,2546,1839,4665,603,1296,279,2807
"대구","중구",남자,8375,3616,4046,1378,1153,2766,335,279,-,1378
"대구","중구",여자,7125,2199,2608,1168,686,1899,268,1017,279,1429
"대구","동구",합계,73298,28128,32973,11724,9028,22963,2238,5389,1166,11228
"대구","동구",남자,41213,18109,20045,6351,6013,14220,1384,1299,-,6012
"대구","동구",여자,32085,10019,12928,5373,3015,8743,854,4090,1166,5216
"대구","서구",합계,42790,18916,17068,7052,5181,12114,1911,3405,817,8070
"대구","서구",남자,22890,10753,10224,3644,3256,7214,940,806,-,3890
"대구","서구",여자,19900,8163,6844,3408,1925,4900,971,2599,817,4180
"대구","남구",합계,29896,11049,12819,5147,3564,10401,1019,2233,527,4325
"대구","남구",남자,15663,6668,7276,2635,2132,5718,538,507,-,2239
"대구","남구",여자,14233,4381,5543,2512,1432,4683,481,1726,527,2086
"대구","북구",합계,93876,40416,37720,15024,11425,26972,4951,6880,1435,16516
"대구","북구",남자,53124,25835,23835,8249,7810,16865,2750,1281,-,8394
"대구","북구",여자,40752,14581,13885,6775,3615,10107,2201,5599,1435,8122
"대구","수성구",합계,84499,29206,38298,15329,10096,27190,3066,6391,1426,13103
"대구","수성구",남자,46948,19943,22898,7942,6752,16902,1780,1158,-,6525
"대구","수성구",여자,37551,9263,15400,7387,3344,10288,1286,5233,1426,6578
"대구","달서구",합계,125784,49367,56917,21489,14899,35976,4892,10080,1730,17515
"대구","달서구",남자,72126,33152,35361,11978,10261,22551,2762,2165,-,9084
"대구","달서구",여자,53658,16215,21556,9511,4638,13425,2130,7915,1730,8431
"대구","달성군",합계,58610,26076,26236,9528,7045,16915,1919,4335,687,8797
"대구","달성군",남자,36428,18136,17913,5698,5102,11013,1085,978,-,5159
"대구","달성군",여자,22182,7940,8323,3830,1943,5902,834,3357,687,3638
"인천","소계",합계,676817,270458,293433,114927,79580,227817,39747,43737,9860,118774
"인천","소계",남자,390027,170811,184386,64781,52844,143615,21794,8955,-,67403
"인천","소계",여자,286790,99647,109047,50146,26736,84202,17953,34782,9860,51371
"인천","중구",합계,29352,11919,13246,5096,3334,9646,1949,1913,328,5352
"인천","중구",남자,17644,7778,8780,2978,2303,6183,1179,366,-,3020
"인천","중구",여자,11708,4141,4466,2118,1031,3463,770,1547,328,2332
"인천","동구",합계,17185,6601,7220,2783,1943,6638,998,1118,223,3948
"인천","동구",남자,9729,3927,4497,1533,1250,3977,521,255,-,2120
"인천","동구",여자,7456,2674,2723,1250,693,2661,477,863,223,1828
"인천","남구",합계,98015,41140,40876,15655,11493,34049,6601,6185,1478,21703
"인천","남구",남자,54595,24522,24903,8563,7445,20336,3492,1272,-,11545
"인천","남구",여자,43420,16618,15973,7092,4048,13713,3109,4913,1478,10158
"인천","연수구",합계,74334,27835,32374,12976,8811,26218,4528,4708,1047,11261
"인천","연수구",남자,43826,19016,20782,7428,6007,16827,2595,760,-,6472
"인천","연수구",여자,30508,8819,11592,5548,2804,9391,1933,3948,1047,4789
"인천","남동구",합계,122188,50748,52678,20249,14965,39337,6055,7596,1634,19150
"인천","남동구",남자,71906,32684,33746,11635,10122,25402,3388,1452,-,11291
"인천","남동구",여자,50282,18064,18932,8614,4843,13935,2667,6144,1634,7859
"인천","부평구",합계,120876,47622,52605,20642,14488,37806,5701,8239,2126,21350
"인천","부평구",남자,68282,29238,32545,11612,9431,24019,3127,1781,-,12077
"인천","부평구",여자,52594,18384,20060,9030,5057,13787,2574,6458,2126,9273
"인천","계양구",합계,72367,28189,32682,12490,8401,23334,3463,4451,937,12168
"인천","계양구",남자,40691,17423,19848,6838,5378,14718,1908,901,-,6869
"인천","계양구",여자,31676,10766,12834,5652,3023,8616,1555,3550,937,5299
"인천","서구",합계,120651,46955,52978,21190,13583,43086,9280,7826,1709,19388
"인천","서구",남자,71011,30538,33792,12115,9269,27522,4952,1731,-,11560
"인천","서구",여자,49640,16417,19186,9075,4314,15564,4328,6095,1709,7828
"인천","강화군",합계,14771,5875,5657,2825,1685,5283,741,1356,278,2816
"인천","강화군",남자,7657,3196,3119,1462,1014,3005,402,332,-,1595
"인천","강화군",여자,7114,2679,2538,1363,671,2278,339,1024,278,1221
"인천","옹진군",합계,7078,3574,3117,1021,877,2420,431,345,100,1638
"인천","옹진군",남자,4686,2489,2374,617,625,1626,230,105,-,854
"인천","옹진군",여자,2392,1085,743,404,252,794,201,240,100,784
"광주","소계",합계,321685,123240,120367,55990,37464,127328,18265,21206,4712,71391
"광주","소계",남자,179183,77388,73936,29972,24887,78233,9089,3147,-,41245
"광주","소계",여자,142502,45852,46431,26018,12577,49095,9176,18059,4712,30146
"광주","동구",합계,20604,7577,7953,3643,2403,8105,1310,1432,375,4861
"광주","동구",남자,10693,4438,4473,1891,1472,4575,542,278,-,2554
"광주","동구",여자,9911,3139,3480,1752,931,3530,768,1154,375,2307
"광주","서구",합계,67965,23935,27552,11641,7928,27252,4286,4170,965,15440
"광주","서구",남자,37403,15229,16432,6185,5174,16709,1987,703,-,8646
"광주","서구",여자,30562,8706,11120,5456,2754,10543,2299,3467,965,6794
"광주","남구",합계,47009,17505,17918,7883,5473,18551,2632,3108,787,10523
"광주","남구",남자,24539,10400,10407,3942,3426,10760,1121,482,-,5525
"광주","남구",여자,22470,7105,7511,3941,2047,7791,1511,2626,787,4998
"광주","북구",합계,95912,36809,34676,17560,10837,38246,5402,6720,1605,21781
"광주","북구",남자,52442,22790,20968,9153,7111,22922,2726,1032,-,12447
"광주","북구",여자,43470,14019,13708,8407,3726,15324,2676,5688,1605,9334
"광주","광산구",합계,90195,37414,32268,15263,10823,35174,4635,5776,980,18786
"광주","광산구",남자,54106,24531,21656,8801,7704,23267,2713,652,-,12073
"광주","광산구",여자,36089,12883,10612,6462,3119,11907,1922,5124,980,6713
"대전","소계",합계,356973,148945,164094,61446,40271,125041,15963,24266,5039,66324
"대전","소계",남자,201218,96952,101518,33542,26985,76570,8349,3906,-,35193
"대전","소계",여자,155755,51993,62576,27904,13286,48471,7614,20360,5039,31131
"대전","동구",합계,53460,23345,24307,9270,6003,19172,2063,3724,856,10025
"대전","동구",남자,29416,14283,14667,4950,3847,11383,1058,725,-,5557
"대전","동구",여자,24044,9062,9640,4320,2156,7789,1005,2999,856,4468
"대전","중구",합계,59008,24670,26213,10088,6436,21285,3268,4214,854,12463
"대전","중구",남자,31215,14958,15237,5159,4043,12087,1488,763,-,6373
"대전","중구",여자,27793,9712,10976,4929,2393,9198,1780,3451,854,6090
"대전","서구",합계,113902,45045,53444,19780,12756,38079,4734,7772,1671,23983
"대전","서구",남자,62506,29068,32045,10610,8365,23091,2503,1208,-,12242
"대전","서구",여자,51396,15977,21399,9170,4391,14988,2231,6564,1671,11741
"대전","유성구",합계,83762,34677,39202,14427,9727,29087,4476,5248,1002,11873
"대전","유성구",남자,51605,25270,26670,8496,7179,19395,2503,685,-,6565
"대전","유성구",여자,32157,9407,12532,5931,2548,9692,1973,4563,1002,5308
"대전","대덕구",합계,46841,21208,20928,7881,5349,17418,1422,3308,656,7980
"대전","대덕구",남자,26476,13373,12899,4327,3551,10614,797,525,-,4456
"대전","대덕구",여자,20365,7835,8029,3554,1798,6804,625,2783,656,3524
"울산","소계",합계,303171,124330,167074,47500,32538,94370,15364,15788,3425,49905
"울산","소계",남자,197341,89180,120321,30094,25031,67449,10602,3153,-,26560
"울산","소계",여자,105830,35150,46753,17406,7507,26921,4762,12635,3425,23345
"울산","중구",합계,61007,24922,32715,9329,6117,19686,2168,3198,821,12040
"울산","중구",남자,37877,17016,22604,5640,4680,13514,1334,618,-,5931
"울산","중구",여자,23130,7906,10111,3689,1437,6172,834,2580,821,6109
"울산","남구",합계,83459,32200,46698,13144,9194,25497,2750,4369,1037,13619
"울산","남구",남자,53300,23546,32814,8223,6939,17702,1766,855,-,7296
"울산","남구",여자,30159,8654,13884,4921,2255,7795,984,3514,1037,6323
"울산","동구",합계,47900,20685,26421,7307,5163,14743,6988,2362,443,5087
"울산","동구",남자,32579,14914,20102,4969,3990,10713,5149,512,-,2774
"울산","동구",여자,15321,5771,6319,2338,1173,4030,1839,1850,443,2313
"울산","북구",합계,54763,22309,31513,8654,5712,18360,2113,2500,476,7780
"울산","북구",남자,37971,16916,23772,5706,4640,14183,1536,484,-,4342
"울산","북구",여자,16792,5393,7741,2948,1072,4177,577,2016,476,3438
"울산","울주군",합계,56042,24214,29727,9066,6352,16084,1345,3359,648,11379
"울산","울주군",남자,35614,16788,21029,5556,4782,11337,817,684,-,6217
"울산","울주군",여자,20428,7426,8698,3510,1570,4747,528,2675,648,5162
"세종","소계",합계,62494,26949,27882,11360,7514,20089,3004,4205,697,9039
"세종","소계",남자,38946,19232,19219,6801,5553,13616,1718,577,-,5474
"세종","소계",여자,23548,7717,8663,4559,1961,6473,1286,3628,697,3565
"경기","소계",합계,2890460,1208193,1239598,501370,329791,946706,133283,174554,40484,518196
"경기","소계",남자,1692840,793505,788438,285813,225970,604231,76819,31314,-,307368
"경기","소계",여자,1197620,414688,451160,215557,103821,342475,56464,143240,40484,210828
"경기","수원시장안구",합계,66217,29028,26821,10973,8040,21835,3022,4142,940,12496
"경기","수원시장안구",남자,37620,18385,17090,5969,5353,13566,1750,639,-,6762
"경기","수원시장안구",여자,28597,10643,9731,5004,2687,8269,1272,3503,940,5734
"경기","수원시권선구",합계,82987,35131,36743,13373,9989,27407,4447,4810,1073,14060
"경기","수원시권선구",남자,48836,22926,23640,7710,6836,17535,2491,760,-,8304
"경기","수원시권선구",여자,34151,12205,13103,5663,3153,9872,1956,4050,1073,5756
"경기","수원시팔달구",합계,44624,19073,18697,7314,5223,14577,2593,2572,715,8344
"경기","수원시팔달구",남자,24801,11633,11486,4024,3441,8868,1412,429,-,4555
"경기","수원시팔달구",여자,19823,7440,7211,3290,1782,5709,1181,2143,715,3789
"경기","수원시영통구",합계,80660,33341,35589,13281,9537,26227,6292,3916,831,11098
"경기","수원시영통구",남자,52263,24367,25112,8669,7162,18483,4065,528,-,6460
"경기","수원시영통구",여자,28397,8974,10477,4612,2375,7744,2227,3388,831,4638
"경기","성남시수정구",합계,53172,23024,21856,9263,6139,17866,2358,2974,841,10364
"경기","성남시수정구",남자,29051,13745,13075,5018,3890,10518,1286,586,-,5683
"경기","성남시수정구",여자,24121,9279,8781,4245,2249,7348,1072,2388,841,4681
"경기","성남시중원구",합계,52450,22982,20527,8941,5838,18614,2082,3094,839,12507
"경기","성남시중원구",남자,28384,13547,12266,4908,3720,10797,1116,636,-,6383
"경기","성남시중원구",여자,24066,9435,8261,4033,2118,7817,966,2458,839,6124
"경기","성남시분당구",합계,94544,37456,36404,16658,10388,32644,4671,6463,1395,14984
"경기","성남시분당구",남자,55538,26983,23634,9734,7341,21113,2812,995,-,8040
"경기","성남시분당구",여자,39006,10473,12770,6924,3047,11531,1859,5468,1395,6944
"경기","의정부시",합계,91475,39316,36755,16726,10623,29901,3604,5612,1441,15588
"경기","의정부시",남자,50153,24426,21730,8875,6739,17774,1924,932,-,9475
"경기","의정부시",여자,41322,14890,15025,7851,3884,12127,1680,4680,1441,6113
"경기","안양시만안구",합계,57520,22256,23204,10337,6850,18456,2526,3764,918,11009
"경기","안양시만안구",남자,32727,14389,14850,5723,4518,11626,1352,688,-,6213
"경기","안양시만안구",여자,24793,7867,8354,4614,2332,6830,1174,3076,918,4796
"경기","안양시동안구",합계,73472,28578,30650,14009,8134,24074,3510,5368,1074,12259
"경기","안양시동안구",남자,41989,19361,19273,7681,5624,15199,2035,799,-,6983
"경기","안양시동안구",여자,31483,9217,11377,6328,2510,8875,1475,4569,1074,5276
"경기","부천시",합계,193657,79978,82682,33564,22052,63328,9824,12130,3207,39438
"경기","부천시",남자,106796,49531,49587,18140,14396,38443,5345,2257,-,20841
"경기","부천시",여자,86861,30447,33095,15424,7656,24885,4479,9873,3207,18597
"경기","광명시",합계,73168,27856,31119,13460,8461,23413,3090,4748,1061,13928
"경기","광명시",남자,41624,17896,19198,7430,5629,14791,1822,825,-,8196
"경기","광명시",여자,31544,9960,11921,6030,2832,8622,1268,3923,1061,5732
"경기","평택시",합계,114130,46226,49016,19392,13099,38263,3476,6220,1423,20708
"경기","평택시",남자,71681,31905,34022,11652,9383,25482,2288,1109,-,13990
"경기","평택시",여자,42449,14321,14994,7740,3716,12781,1188,5111,1423,6718
"경기","동두천시",합계,21019,10173,8955,3642,2372,6766,736,1109,293,3452
"경기","동두천시",남자,11802,6105,5320,1991,1540,4060,371,198,-,2262
"경기","동두천시",여자,9217,4068,3635,1651,832,2706,365,911,293,1190
"경기","안산시상록구",합계,83536,35876,39857,14499,9890,28068,2553,5295,1133,14138
"경기","안산시상록구",남자,48679,22837,24895,8101,6703,17858,1547,1208,-,8529
"경기","안산시상록구",여자,34857,13039,14962,6398,3187,10210,1006,4087,1133,5609
"경기","안산시단원구",합계,85644,37138,43084,14395,9905,27093,2518,4780,1066,13673
"경기","안산시단원구",남자,52034,24311,27798,8427,6948,18224,1443,1077,-,8716
"경기","안산시단원구",여자,33610,12827,15286,5968,2957,8869,1075,3703,1066,4957
"경기","고양시덕양구",합계,95890,36553,42341,17276,10188,29133,4802,5899,1575,17977
"경기","고양시덕양구",남자,53118,23566,24763,9328,6862,17980,2706,935,-,10051
"경기","고양시덕양구",여자,42772,12987,17578,7948,3326,11153,2096,4964,1575,7926
"경기","고양시일산동구",합계,60607,20350,27532,11458,5974,18986,4021,4424,964,10885
"경기","고양시일산동구",남자,32897,13720,15812,6134,4008,11625,2029,698,-,5758
"경기","고양시일산동구",여자,27710,6630,11720,5324,1966,7361,1992,3726,964,5127
"경기","고양시일산서구",합계,61426,21631,25974,11148,6714,20271,4187,3952,970,10691
"경기","고양시일산서구",남자,33996,14569,15446,5947,4567,12505,2102,555,-,5861
"경기","고양시일산서구",여자,27430,7062,10528,5201,2147,7766,2085,3397,970,4830
"경기","과천시",합계,10741,3738,4242,2202,1197,3172,716,673,145,2011
"경기","과천시",남자,6158,2577,2744,1209,808,2063,390,112,-,1118
"경기","과천시",여자,4583,1161,1498,993,389,1109,326,561,145,893
"경기","구리시",합계,41894,18381,17679,7154,4809,14230,1850,2440,710,6559
"경기","구리시",남자,23118,11633,10497,3850,3174,8369,1043,422,-,3680
"경기","구리시",여자,18776,6748,7182,3304,1635,5861,807,2018,710,2879
"경기","남양주시",합계,137822,61353,62289,24835,13661,41076,5842,10085,2325,25478
"경기","남양주시",남자,75875,38267,36245,13276,8833,25252,3179,1813,-,14562
"경기","남양주시",여자,61947,23086,26044,11559,4828,15824,2663,8272,2325,10916
"경기","오산시",합계,49556,20337,20321,8182,5663,19354,2035,2910,498,9600
"경기","오산시",남자,30140,13637,13774,4800,4025,12281,1217,450,-,6316
"경기","오산시",여자,19416,6700,6547,3382,1638,7073,818,2460,498,3284
"경기","시흥시",합계,104019,47124,49318,16330,12823,36237,3049,5314,1105,14786
"경기","시흥시",남자,64916,31552,33205,9740,8948,24436,1811,992,-,9794
"경기","시흥시",여자,39103,15572,16113,6590,3875,11801,1238,4322,1105,4992
"경기","군포시",합계,64018,26011,25368,11079,7223,21481,2881,4074,874,12814
"경기","군포시",남자,37195,17075,16495,6261,4950,13405,1716,585,-,7611
"경기","군포시",여자,26823,8936,8873,4818,2273,8076,1165,3489,874,5203
"경기","의왕시",합계,35061,13325,14947,6491,3948,12713,1482,2512,549,5346
"경기","의왕시",남자,20113,8826,9368,3572,2665,7802,858,444,-,3187
"경기","의왕시",여자,14948,4499,5579,2919,1283,4911,624,2068,549,2159
"경기","하남시",합계,47429,18974,19454,8142,5434,15934,2746,2597,678,9000
"경기","하남시",남자,27305,12949,12096,4620,3723,9968,1559,429,-,4996
"경기","하남시",여자,20124,6025,7358,3522,1711,5966,1187,2168,678,4004
"경기","용인시처인구",합계,52417,22263,20384,7836,6039,17914,1627,3204,768,12010
"경기","용인시처인구",남자,30781,14269,13115,4540,4071,11452,945,638,-,7237
"경기","용인시처인구",여자,21636,7994,7269,3296,1968,6462,682,2566,768,4773
"경기","용인시기흥구",합계,84689,34465,35557,14831,9879,28383,4728,4713,1131,13500
"경기","용인시기흥구",남자,51053,24198,23172,8543,7042,18706,2793,806,-,7982
"경기","용인시기흥구",여자,33636,10267,12385,6288,2837,9677,1935,3907,1131,5518
"경기","용인시수지구",합계,66555,27623,26673,12007,7617,22657,3754,3648,910,10034
"경기","용인시수지구",남자,40008,19876,17428,6957,5513,14729,2228,620,-,5636
"경기","용인시수지구",여자,26547,7747,9245,5050,2104,7928,1526,3028,910,4398
"경기","파주시",합계,105832,40800,48453,18344,11895,34073,4520,6113,1232,19566
"경기","파주시",남자,64196,27163,31840,11072,8400,22194,2761,1024,-,12497
"경기","파주시",여자,41636,13637,16613,7272,3495,11879,1759,5089,1232,7069
"경기","이천시",합계,53255,24484,22454,8706,6285,17060,2521,3148,736,10035
"경기","이천시",남자,30923,15457,14259,4957,4197,10704,1455,594,-,6184
"경기","이천시",여자,22332,9027,8195,3749,2088,6356,1066,2554,736,3851
"경기","안성시",합계,46526,19092,21516,8315,4994,14155,1179,2721,672,8361
"경기","안성시",남자,27745,12265,14046,4968,3468,9065,783,515,-,5257
"경기","안성시",여자,18781,6827,7470,3347,1526,5090,396,2206,672,3104
"경기","김포시",합계,89031,35921,40212,16697,10328,27607,5181,5464,1242,14153
"경기","김포시",남자,53725,24359,25953,9681,7218,18566,2844,1156,-,8646
"경기","김포시",여자,35306,11562,14259,7016,3110,9041,2337,4308,1242,5507
"경기","화성시",합계,177344,76431,79952,29377,21598,57519,9781,9462,1551,29144
"경기","화성시",남자,117845,55800,57424,18975,16425,40808,6130,1704,-,19540
"경기","화성시",여자,59499,20631,22528,10402,5173,16711,3651,7758,1551,9604
"경기","광주시",합계,76539,35118,31895,13161,8050,23143,2521,4444,1180,13693
"경기","광주시",남자,44542,22318,19741,7545,5527,14850,1499,912,-,8632
"경기","광주시",여자,31997,12800,12154,5616,2523,8293,1022,3532,1180,5061
"경기","양주시",합계,46842,24118,17353,7744,5731,12951,1854,2463,607,7962
"경기","양주시",남자,27614,14804,11225,4397,3836,8655,1011,559,-,5076
"경기","양주시",여자,19228,9314,6128,3347,1895,4296,843,1904,607,2886
"경기","포천시",합계,38989,17584,14909,6594,4866,14001,1618,2348,554,8577
"경기","포천시",남자,23153,11097,9434,3883,3157,8670,912,588,-,5664
"경기","포천시",여자,15836,6487,5475,2711,1709,5331,706,1760,554,2913
"경기","여주시",합계,25821,11743,10248,4660,2932,9099,1011,1887,430,5612
"경기","여주시",남자,14356,6994,6131,2543,1863,5473,599,394,-,3481
"경기","여주시",여자,11465,4749,4117,2117,1069,3626,412,1493,430,2131
"경기","연천군",합계,11008,5621,4302,1926,1174,3686,346,529,130,3247
"경기","연천군",남자,6737,3673,2798,1157,804,2365,223,112,-,2044
"경기","연천군",여자,4271,1948,1504,769,370,1321,123,417,130,1203
"경기","가평군",합계,14218,7051,5043,2467,1615,4324,399,964,224,3526
"경기","가평군",남자,7874,4192,3107,1314,1004,2595,238,240,-,1954
"경기","가평군",여자,6344,2859,1936,1153,611,1729,161,724,224,1572
"경기","양평군",합계,24656,10670,9223,4581,2614,9015,1330,1569,474,5583
"경기","양평군",남자,13479,6322,5344,2492,1659,5376,729,351,-,3212
"경기","양평군",여자,11177,4348,3879,2089,955,3639,601,1218,474,2371
"강원","소계",합계,361223,174970,144410,62090,44182,108125,14552,24563,5782,69699
"강원","소계",남자,204396,108587,88172,33466,29452,67447,8107,7033,-,38476
"강원","소계",여자,156827,66383,56238,28624,14730,40678,6445,17530,5782,31223
"강원","춘천시",합계,64037,33011,23336,10238,7941,17377,2737,3755,975,16453
"강원","춘천시",남자,34899,20269,14158,5300,5150,10617,1432,672,-,7934
"강원","춘천시",여자,29138,12742,9178,4938,2791,6760,1305,3083,975,8519
"강원","원주시",합계,75578,35281,31714,14623,9837,16337,2795,5176,1352,10870
"강원","원주시",남자,42715,22338,18982,7790,6656,10893,1495,857,-,6441
"강원","원주시",여자,32863,12943,12732,6833,3181,5444,1300,4319,1352,4429
"강원","강릉시",합계,49993,22201,20693,8294,5664,17007,2502,3890,790,9371
"강원","강릉시",남자,26790,13261,11655,4208,3724,10218,1466,1087,-,4893
"강원","강릉시",여자,23203,8940,9038,4086,1940,6789,1036,2803,790,4478
"강원","동해시",합계,22335,10384,9563,3786,2555,9855,784,2224,334,2702
"강원","동해시",남자,13307,6877,6117,2018,1828,6132,480,1161,-,1493
"강원","동해시",여자,9028,3507,3446,1768,727,3723,304,1063,334,1209
"강원","태백시",합계,11574,5651,5076,1994,1447,4936,250,1325,189,1755
"강원","태백시",남자,6632,3395,3048,1051,971,3010,145,790,-,1036
"강원","태백시",여자,4942,2256,2028,943,476,1926,105,535,189,719
"강원","속초시",합계,16295,8236,6336,2862,1935,4692,856,1107,302,2308
"강원","속초시",남자,9173,5187,3726,1488,1274,2906,478,296,-,1415
"강원","속초시",여자,7122,3049,2610,1374,661,1786,378,811,302,893
"강원","삼척시",합계,16470,7490,6678,2347,2181,6604,712,1267,253,2920
"강원","삼척시",남자,9504,4669,4176,1355,1515,3936,370,600,-,1571
"강원","삼척시",여자,6966,2821,2502,992,666,2668,342,667,253,1349
"강원","홍천군",합계,17211,8150,6566,3294,2093,5561,571,1017,242,4228
"강원","홍천군",남자,9645,4855,3978,1783,1324,3373,337,250,-,2549
"강원","홍천군",여자,7566,3295,2588,1511,769,2188,234,767,242,1679
"강원","횡성군",합계,11211,5313,4059,1918,1365,2507,761,753,207,2822
"강원","횡성군",남자,5985,2987,2327,999,876,1416,463,176,-,1497
"강원","횡성군",여자,5226,2326,1732,919,489,1091,298,577,207,1325
"강원","영월군",합계,9314,4577,3913,1547,1068,2367,341,612,170,1177
"강원","영월군",남자,5189,2586,2346,861,697,1521,190,167,-,727
"강원","영월군",여자,4125,1991,1567,686,371,846,151,445,170,450
"강원","평창군",합계,9289,4510,3236,1567,1126,2797,372,500,199,2013
"강원","평창군",남자,4979,2578,1865,827,711,1641,213,129,-,1098
"강원","평창군",여자,4310,1932,1371,740,415,1156,159,371,199,915
"강원","정선군",합계,9502,4468,3756,1536,1175,3119,362,657,136,2483
"강원","정선군",남자,5235,2536,2239,821,757,1929,192,268,-,1406
"강원","정선군",여자,4267,1932,1517,715,418,1190,170,389,136,1077
"강원","철원군",합계,12450,6620,5903,2231,1427,3956,270,497,161,1659
"강원","철원군",남자,7808,4395,4082,1322,963,2577,147,117,-,1084
"강원","철원군",여자,4642,2225,1821,909,464,1379,123,380,161,575
"강원","화천군",합계,7401,4176,2851,1063,854,1997,227,269,73,2047
"강원","화천군",남자,5046,2999,2114,742,638,1440,120,68,-,1357
"강원","화천군",여자,2355,1177,737,321,216,557,107,201,73,690
"강원","양구군",합계,6418,3562,2866,1110,753,1844,179,256,53,1579
"강원","양구군",남자,4321,2513,2177,731,556,1285,92,59,-,1028
"강원","양구군",여자,2097,1049,689,379,197,559,87,197,53,551
"강원","인제군",합계,8753,4550,3362,1490,1215,3030,269,333,108,2083
"강원","인제군",남자,5713,3130,2434,977,835,2060,158,91,-,1279
"강원","인제군",여자,3040,1420,928,513,380,970,111,242,108,804
"강원","고성군",합계,6668,3543,2200,1062,833,2073,301,401,93,1602
"강원","고성군",남자,3860,2151,1437,606,549,1274,185,105,-,831
"강원","고성군",여자,2808,1392,763,456,284,799,116,296,93,771
"강원","양양군",합계,6724,3247,2302,1128,713,2066,263,524,145,1627
"강원","양양군",남자,3595,1861,1311,587,428,1219,144,140,-,837
"강원","양양군",여자,3129,1386,991,541,285,847,119,384,145,790
"충북","소계",합계,403369,181272,176183,68495,48597,121816,15151,25807,4759,67196
"충북","소계",남자,234377,114236,112490,39103,32681,75912,8935,5159,-,38508
"충북","소계",여자,168992,67036,63693,29392,15916,45904,6216,20648,4759,28688
"충북","청주시상당구",합계,39234,17936,14658,7226,4812,12024,1711,2578,588,7161
"충북","청주시상당구",남자,22321,11276,9415,3977,3223,7430,977,474,-,3836
"충북","청주시상당구",여자,16913,6660,5243,3249,1589,4594,734,2104,588,3325
"충북","청주시서원구",합계,52145,23426,21544,8754,6266,16368,2223,3400,654,8863
"충북","청주시서원구",남자,29643,15064,13473,4893,4184,9951,1312,545,-,4758
"충북","청주시서원구",여자,22502,8362,8071,3861,2082,6417,911,2855,654,4105
"충북","청주시흥덕구",합계,67005,30442,30573,10566,8008,21078,2537,3844,595,10156
"충북","청주시흥덕구",남자,39485,20063,19758,6277,5512,13120,1517,679,-,5760
"충북","청주시흥덕구",여자,27520,10379,10815,4289,2496,7958,1020,3165,595,4396
"충북","청주시청원구",합계,50228,23481,23146,8151,6046,14500,1997,3068,403,7917
"충북","청주시청원구",남자,31013,16032,15671,4921,4378,9758,1149,591,-,4486
"충북","청주시청원구",여자,19215,7449,7475,3230,1668,4742,848,2477,403,3431
"충북","충주시",합계,49960,21190,22707,8033,6190,13646,1920,3335,738,7451
"충북","충주시",남자,28873,13023,14619,4598,4087,8437,1181,714,-,4455
"충북","충주시",여자,21087,8167,8088,3435,2103,5209,739,2621,738,2996
"충북","제천시",합계,33763,13503,16896,6835,3940,10519,1081,2019,378,6712
"충북","제천시",남자,18680,7858,9851,3590,2458,6150,652,410,-,3850
"충북","제천시",여자,15083,5645,7045,3245,1482,4369,429,1609,378,2862
"충북","보은군",합계,8087,3892,2821,1350,967,2428,243,687,130,1454
"충북","보은군",남자,4290,2170,1712,704,627,1416,131,138,-,772
"충북","보은군",여자,3797,1722,1109,646,340,1012,112,549,130,682
"충북","옥천군",합계,12876,5807,4866,2261,1584,4249,382,936,207,2225
"충북","옥천군",남자,6917,3288,2901,1211,1013,2534,222,190,-,1220
"충북","옥천군",여자,5959,2519,1965,1050,571,1715,160,746,207,1005
"충북","영동군",합계,11823,5075,5041,2152,1306,3271,430,862,194,2221
"충북","영동군",남자,6341,2829,3013,1144,810,1911,248,204,-,1238
"충북","영동군",여자,5482,2246,2028,1008,496,1360,182,658,194,983
"충북","증평군",합계,9774,4713,4192,1636,1193,2995,330,708,99,1458
"충북","증평군",남자,5879,3006,2664,1004,812,1922,205,163,-,823
"충북","증평군",여자,3895,1707,1528,632,381,1073,125,545,99,635
"충북","진천군",합계,22438,10050,9580,3790,2859,6882,924,1428,213,3566
"충북","진천군",남자,13882,6549,6527,2324,2024,4568,519,314,-,2298
"충북","진천군",여자,8556,3501,3053,1466,835,2314,405,1114,213,1268
"충북","괴산군",합계,9215,4378,3593,1389,926,2733,289,600,124,1682
"충북","괴산군",남자,4977,2422,2073,771,547,1612,181,170,-,925
"충북","괴산군",여자,4238,1956,1520,618,379,1121,108,430,124,757
"충북","음성군",합계,29216,13795,13231,4853,3629,9027,753,1738,344,4912
"충북","음성군",남자,17966,8694,8853,2911,2489,5849,457,421,-,3331
"충북","음성군",여자,11250,5101,4378,1942,1140,3178,296,1317,344,1581
"충북","단양군",합계,7605,3584,3335,1499,871,2096,331,604,92,1418
"충북","단양군",남자,4110,1962,1960,778,517,1254,184,146,-,756
"충북","단양군",여자,3495,1622,1375,721,354,842,147,458,92,662
"충남","소계",합계,514462,229871,230667,86634,57254,178417,16395,32173,6621,91403
"충남","소계",남자,308748,148844,152612,51022,39979,114986,10141,6391,-,56919
"충남","소계",여자,205714,81027,78055,35612,17275,63431,6254,25782,6621,34484
"충남","천안시동남구",합계,59709,25051,28349,10041,6681,21574,1952,3337,820,10612
"충남","천안시동남구",남자,35387,16355,18090,5898,4603,13851,1242,590,-,6876
"충남","천안시동남구",여자,24322,8696,10259,4143,2078,7723,710,2747,820,3736
"충남","천안시서북구",합계,92628,38319,46399,14699,10644,33380,3827,4609,972,15548
"충남","천안시서북구",남자,58973,27028,31854,9373,7952,22931,2523,662,-,10449
"충남","천안시서북구",여자,33655,11291,14545,5326,2692,10449,1304,3947,972,5099
"충남","공주시",합계,24877,11023,9685,4415,2726,9867,695,2115,462,3872
"충남","공주시",남자,13455,6451,5795,2356,1808,5516,411,434,-,2296
"충남","공주시",여자,11422,4572,3890,2059,918,4351,284,1681,462,1576
"충남","보령시",합계,23688,10590,9338,4336,2745,7521,490,1567,402,6467
"충남","보령시",남자,13234,6168,5977,2401,1701,4554,309,330,-,3262
"충남","보령시",여자,10454,4422,3361,1935,1044,2967,181,1237,402,3205
"충남","아산시",합계,76903,34327,36184,11862,8676,27344,2820,3785,679,10739
"충남","아산시",남자,50299,24009,25787,7518,6539,19269,1931,567,-,7611
"충남","아산시",여자,26604,10318,10397,4344,2137,8075,889,3218,679,3128
"충남","서산시",합계,43999,19514,20186,7773,5022,15141,888,2798,542,7841
"충남","서산시",남자,27600,13282,13977,4693,3628,9875,565,581,-,4896
"충남","서산시",여자,16399,6232,6209,3080,1394,5266,323,2217,542,2945
"충남","논산시",합계,29379,13704,13861,5329,3113,8594,726,2603,424,5754
"충남","논산시",남자,15761,7750,8122,2920,1940,5060,398,553,-,2986
"충남","논산시",여자,13618,5954,5739,2409,1173,3534,328,2050,424,2768
"충남","계룡시",합계,10725,5073,5192,1883,1237,3473,363,604,91,1609
"충남","계룡시",남자,6687,3648,3430,1040,872,2398,208,104,-,923
"충남","계룡시",여자,4038,1425,1762,843,365,1075,155,500,91,686
"충남","당진시",합계,44172,22687,20529,6492,5046,15450,1213,2436,441,8107
"충남","당진시",남자,29650,16404,15431,4173,3844,10755,662,559,-,5813
"충남","당진시",여자,14522,6283,5098,2319,1202,4695,551,1877,441,2294
"충남","금산군",합계,12469,5290,5137,2321,1309,4043,426,1056,201,2065
"충남","금산군",남자,6779,3064,3140,1281,843,2418,219,287,-,1222
"충남","금산군",여자,5690,2226,1997,1040,466,1625,207,769,201,843
"충남","부여군",합계,16626,7566,6730,3373,1731,4973,647,1484,308,3648
"충남","부여군",남자,8527,4064,3691,1756,1061,2824,345,346,-,1959
"충남","부여군",여자,8099,3502,3039,1617,670,2149,302,1138,308,1689
"충남","서천군",합계,13568,5764,4343,1738,1381,5196,348,1113,207,3845
"충남","서천군",남자,6879,3042,2477,914,840,2861,205,189,-,1875
"충남","서천군",여자,6689,2722,1866,824,541,2335,143,924,207,1970
"충남","청양군",합계,8710,3716,3066,1690,936,3377,258,722,148,1992
"충남","청양군",남자,4518,1977,1729,911,548,1863,153,215,-,1043
"충남","청양군",여자,4192,1739,1337,779,388,1514,105,507,148,949
"충남","홍성군",합계,23297,10922,8730,4440,2389,7809,894,1623,374,3770
"충남","홍성군",남자,12746,6416,5388,2417,1560,4563,484,350,-,2342
"충남","홍성군",여자,10551,4506,3342,2023,829,3246,410,1273,374,1428
"충남","예산군",합계,20094,9553,7987,3859,1975,7001,586,1329,295,3326
"충남","예산군",남자,10851,5367,4666,2049,1232,4033,341,366,-,2102
"충남","예산군",여자,9243,4186,3321,1810,743,2968,245,963,295,1224
"충남","태안군",합계,13618,6772,4951,2383,1643,3674,262,992,255,2208
"충남","태안군",남자,7402,3819,3058,1322,1008,2215,145,258,-,1264
"충남","태안군",여자,6216,2953,1893,1061,635,1459,117,734,255,944
"전북","소계",합계,402377,169336,155702,70224,46808,132387,20592,34434,5912,78318
"전북","소계",남자,221461,103926,95670,36331,30741,81157,11311,6643,-,42802
"전북","소계",여자,180916,65410,60032,33893,16067,51230,9281,27791,5912,35516
"전북","전주시완산구",합계,75175,30485,29884,13635,8555,25275,4780,5976,1213,13478
"전북","전주시완산구",남자,40424,19087,17785,6794,5669,15252,2532,905,-,7303
"전북","전주시완산구",여자,34751,11398,12099,6841,2886,10023,2248,5071,1213,6175
"전북","전주시덕진구",합계,64349,26593,25621,11264,7651,20673,5224,5372,972,13057
"전북","전주시덕진구",남자,36145,17002,16086,5787,5186,13214,2638,1046,-,7388
"전북","전주시덕진구",여자,28204,9591,9535,5477,2465,7459,2586,4326,972,5669
"전북","군산시",합계,63222,28192,29833,10207,7004,20533,2671,4246,802,8348
"전북","군산시",남자,37588,18669,19159,5600,4848,13494,1708,754,-,4808
"전북","군산시",여자,25634,9523,10674,4607,2156,7039,963,3492,802,3540
"전북","익산시",합계,61911,24636,23317,10731,7629,18383,1832,4774,946,12783
"전북","익산시",남자,34907,15668,14838,5695,4997,11764,1154,885,-,7339
"전북","익산시",여자,27004,8968,8479,5036,2632,6619,678,3889,946,5444
"전북","정읍시",합계,25345,11678,8157,3821,3099,10132,890,2357,400,6999
"전북","정읍시",남자,13281,6584,4781,2009,1962,5575,499,473,-,3372
"전북","정읍시",여자,12064,5094,3376,1812,1137,4557,391,1884,400,3627
"전북","남원시",합계,16421,7744,5219,2949,1656,4906,536,1473,215,2649
"전북","남원시",남자,8359,4209,2932,1450,1060,2899,315,241,-,1530
"전북","남원시",여자,8062,3535,2287,1499,596,2007,221,1232,215,1119
"전북","김제시",합계,17416,7614,5935,2968,2028,5159,778,1909,286,3795
"전북","김제시",남자,9309,4319,3603,1541,1278,3136,459,383,-,2042
"전북","김제시",여자,8107,3295,2332,1427,750,2023,319,1526,286,1753
"전북","완주군",합계,22342,10012,8553,4055,2730,6851,1477,2155,284,4285
"전북","완주군",남자,13136,6340,5665,2243,1884,4496,747,560,-,2690
"전북","완주군",여자,9206,3672,2888,1812,846,2355,730,1595,284,1595
"전북","진안군",합계,6032,2622,1927,1072,800,1915,297,654,98,1303
"전북","진안군",남자,3180,1453,1120,533,520,1147,150,146,-,662
"전북","진안군",여자,2852,1169,807,539,280,768,147,508,98,641
"전북","무주군",합계,5432,2167,2014,1140,626,1785,209,614,68,963
"전북","무주군",남자,2756,1222,1151,554,358,1060,104,121,-,533
"전북","무주군",여자,2676,945,863,586,268,725,105,493,68,430
"전북","장수군",합계,5780,2399,2038,996,613,2088,228,988,79,1669
"전북","장수군",남자,2798,1185,1137,460,360,1105,112,251,-,734
"전북","장수군",여자,2982,1214,901,536,253,983,116,737,79,935
"전북","임실군",합계,7316,3325,2604,1323,846,2608,357,703,96,1622
"전북","임실군",남자,3916,1878,1558,690,534,1505,206,185,-,857
"전북","임실군",여자,3400,1447,1046,633,312,1103,151,518,96,765
"전북","순창군",합계,6711,2842,2448,1238,648,2384,290,660,92,1116
"전북","순창군",남자,3232,1389,1345,583,361,1313,159,138,-,586
"전북","순창군",여자,3479,1453,1103,655,287,1071,131,522,92,530
"전북","고창군",합계,13922,5375,4319,2536,1509,6149,374,1366,173,4200
"전북","고창군",남자,6870,2834,2392,1276,901,3237,209,323,-,1926
"전북","고창군",여자,7052,2541,1927,1260,608,2912,165,1043,173,2274
"전북","부안군",합계,11003,3652,3833,2289,1414,3546,649,1187,188,2051
"전북","부안군",남자,5560,2087,2118,1116,823,1960,319,232,-,1032
"전북","부안군",여자,5443,1565,1715,1173,591,1586,330,955,188,1019
"전남","소계",합계,445013,186830,189038,80426,51278,160464,14464,39469,6914,94276
"전남","소계",남자,246247,111325,119584,43067,33262,95443,7873,9593,-,49443
"전남","소계",여자,198766,75505,69454,37359,18016,65021,6591,29876,6914,44833
"전남","목포시",합계,49537,21612,19175,8684,5984,18972,1365,3471,773,12017
"전남","목포시",남자,26676,12542,11818,4576,3820,10733,786,615,-,5922
"전남","목포시",여자,22861,9070,7357,4108,2164,8239,579,2856,773,6095
"전남","여수시",합계,68949,32093,32558,12045,7464,18399,2205,4810,1202,13123
"전남","여수시",남자,41993,20702,22551,6967,5078,12422,1323,1487,-,7682
"전남","여수시",여자,26956,11391,10007,5078,2386,5977,882,3323,1202,5441
"전남","순천시",합계,68344,26745,37032,12112,7635,24992,1829,7320,1177,8774
"전남","순천시",남자,38846,17206,23351,6554,5261,15488,1026,1941,-,5062
"전남","순천시",여자,29498,9539,13681,5558,2374,9504,803,5379,1177,3712
"전남","나주시",합계,25532,10694,8554,4749,3392,10507,1154,1948,322,6050
"전남","나주시",남자,13948,6167,5440,2589,2109,6233,647,327,-,3281
"전남","나주시",여자,11584,4527,3114,2160,1283,4274,507,1621,322,2769
"전남","광양시",합계,40862,15319,24457,6423,5287,15739,581,3600,539,6176
"전남","광양시",남자,25800,10688,16852,3813,3743,10530,322,1305,-,3590
"전남","광양시",여자,15062,4631,7605,2610,1544,5209,259,2295,539,2586
"전남","담양군",합계,11425,4473,3553,2237,1260,4585,685,1032,178,2861
"전남","담양군",남자,6127,2536,2114,1186,803,2663,366,227,-,1519
"전남","담양군",여자,5298,1937,1439,1051,457,1922,319,805,178,1342
"전남","곡성군",합계,7650,2993,2404,1454,840,2743,312,825,142,2503
"전남","곡성군",남자,3879,1600,1456,690,524,1569,152,196,-,1164
"전남","곡성군",여자,3771,1393,948,764,316,1174,160,629,142,1339
"전남","구례군",합계,6815,2767,2798,1340,709,2732,183,928,131,1623
"전남","구례군",남자,3372,1480,1509,664,434,1397,104,211,-,748
"전남","구례군",여자,3443,1287,1289,676,275,1335,79,717,131,875
"전남","고흥군",합계,15924,7652,5635,2641,1581,6932,535,1554,234,2574
"전남","고흥군",남자,7513,3734,2993,1322,882,3453,251,403,-,1309
"전남","고흥군",여자,8411,3918,2642,1319,699,3479,284,1151,234,1265
"전남","보성군",합계,9905,3526,3905,2307,989,3768,313,1009,192,2713
"전남","보성군",남자,4839,1892,2107,1096,607,2013,167,189,-,1344
"전남","보성군",여자,5066,1634,1798,1211,382,1755,146,820,192,1369
"전남","화순군",합계,15321,6111,5363,2782,1637,5340,553,1605,244,4068
"전남","화순군",남자,7766,3414,3090,1367,1007,3000,271,260,-,1904
"전남","화순군",여자,7555,2697,2273,1415,630,2340,282,1345,244,2164
"전남","장흥군",합계,8887,3547,3065,1807,982,3081,361,1014,132,2187
"전남","장흥군",남자,4299,1791,1707,855,590,1628,184,235,-,970
"전남","장흥군",여자,4588,1756,1358,952,392,1453,177,779,132,1217
"전남","강진군",합계,7416,2672,2584,1326,815,3216,345,700,101,1585
"전남","강진군",남자,3665,1413,1453,652,524,1642,161,135,-,813
"전남","강진군",여자,3751,1259,1131,674,291,1574,184,565,101,772
"전남","해남군",합계,16500,7360,5735,3317,1946,6183,721,1294,277,4616
"전남","해남군",남자,8246,3893,3265,1692,1156,3354,332,295,-,2277
"전남","해남군",여자,8254,3467,2470,1625,790,2829,389,999,277,2339
"전남","영암군",합계,14367,5741,5765,2630,1649,5334,467,1249,188,3773
"전남","영암군",남자,8111,3280,3824,1470,1071,3180,276,261,-,1840
"전남","영암군",여자,6256,2461,1941,1160,578,2154,191,988,188,1933
"전남","무안군",합계,18786,7855,7562,3301,2077,7067,564,1535,232,4461
"전남","무안군",남자,10362,4721,4780,1787,1330,4116,320,289,-,2226
"전남","무안군",여자,8424,3134,2782,1514,747,2951,244,1246,232,2235
"전남","함평군",합계,8155,3461,2522,1606,1010,2687,443,732,108,2102
"전남","함평군",남자,4163,1864,1466,837,598,1530,208,156,-,991
"전남","함평군",여자,3992,1597,1056,769,412,1157,235,576,108,1111
"전남","영광군",합계,11537,5426,3629,1956,1548,3812,305,1064,146,1961
"전남","영광군",남자,6269,2999,2305,1030,969,2344,189,231,-,1162
"전남","영광군",여자,5268,2427,1324,926,579,1468,116,833,146,799
"전남","장성군",합계,10971,4492,3462,2205,1300,3940,394,1019,171,2511
"전남","장성군",남자,6135,2662,2178,1184,869,2442,235,176,-,1543
"전남","장성군",여자,4836,1830,1284,1021,431,1498,159,843,171,968
"전남","완도군",합계,10937,4491,3925,2111,1181,4285,477,1095,157,2759
"전남","완도군",남자,5421,2472,2171,1031,668,2274,220,284,-,1322
"전남","완도군",여자,5516,2019,1754,1080,513,2011,257,811,157,1437
"전남","진도군",합계,6985,3049,2073,1347,772,2487,313,717,99,2576
"전남","진도군",남자,3416,1612,1191,622,451,1356,138,156,-,1145
"전남","진도군",여자,3569,1437,882,725,321,1131,175,561,99,1431
"전남","신안군",합계,10208,4751,3282,2046,1220,3663,359,948,169,3263
"전남","신안군",남자,5401,2657,1963,1083,768,2076,195,214,-,1629
"전남","신안군",여자,4807,2094,1319,963,452,1587,164,734,169,1634
"경북","소계",합계,624349,262255,281345,104097,68015,197748,25004,48199,9062,106998
"경북","소계",남자,362248,166338,180174,59117,46884,124608,13590,11620,-,57655
"경북","소계",여자,262101,95917,101171,44980,21131,73140,11414,36579,9062,49343
"경북","포항시남구",합계,56873,23250,27274,9388,5817,19268,2171,3918,854,7915
"경북","포항시남구",남자,36635,16271,19355,5674,4364,13437,1308,1580,-,4856
"경북","포항시남구",여자,20238,6979,7919,3714,1453,5831,863,2338,854,3059
"경북","포항시북구",합계,61145,24628,28545,10906,6209,20806,2410,4357,990,9154
"경북","포항시북구",남자,36880,16667,18943,6022,4397,13402,1385,1359,-,5252
"경북","포항시북구",여자,24265,7961,9602,4884,1812,7404,1025,2998,990,3902
"경북","경주시",합계,59989,25869,25787,9667,6417,16824,2901,4768,886,8139
"경북","경주시",남자,35692,16577,17074,5535,4376,11090,1677,1385,-,4879
"경북","경주시",여자,24297,9292,8713,4132,2041,5734,1224,3383,886,3260
"경북","김천시",합계,32991,10609,16859,5355,3486,9379,1220,2903,480,5653
"경북","김천시",남자,18764,7038,10309,3133,2389,5962,759,589,-,2852
"경북","김천시",여자,14227,3571,6550,2222,1097,3417,461,2314,480,2801
"경북","안동시",합계,38601,14589,18881,6794,3710,13055,1637,2808,710,9814
"경북","안동시",남자,20244,8582,10601,3512,2453,7380,905,548,-,4935
"경북","안동시",여자,18357,6007,8280,3282,1257,5675,732,2260,710,4879
"경북","구미시",합계,104236,46740,55245,17225,11796,30939,3552,6540,889,16463
"경북","구미시",남자,64760,31843,37425,10891,8727,20822,1914,1016,-,9242
"경북","구미시",여자,39476,14897,17820,6334,3069,10117,1638,5524,889,7221
"경북","영주시",합계,26136,11282,11559,4959,2910,8790,818,2326,450,5130
"경북","영주시",남자,13983,6440,6706,2599,1771,5078,476,569,-,2667
"경북","영주시",여자,12153,4842,4853,2360,1139,3712,342,1757,450,2463
"경북","영천시",합계,22339,9686,8385,3697,2501,7408,1001,1709,308,3611
"경북","영천시",남자,12760,5926,5302,2019,1697,4626,472,407,-,2001
"경북","영천시",여자,9579,3760,3083,1678,804,2782,529,1302,308,1610
"경북","상주시",합계,21790,9047,7153,3545,2579,6631,720,1921,418,4903
"경북","상주시",남자,11137,4903,4103,1837,1533,3807,410,409,-,2500
"경북","상주시",여자,10653,4144,3050,1708,1046,2824,310,1512,418,2403
"경북","문경시",합계,15619,6951,4004,2290,1681,6573,426,1446,316,2124
"경북","문경시",남자,8018,3855,2373,1151,1006,3613,249,320,-,989
"경북","문경시",여자,7601,3096,1631,1139,675,2960,177,1126,316,1135
"경북","경산시",합계,58182,25829,26230,9069,7154,21127,2176,4514,837,6110
"경북","경산시",남자,33880,16711,16404,5193,4992,13323,1162,865,-,3623
"경북","경산시",여자,24302,9118,9826,3876,2162,7804,1014,3649,837,2487
"경북","군위군",합계,6190,2894,2362,919,705,1333,306,462,101,1559
"경북","군위군",남자,3345,1622,1406,501,479,833,158,140,-,797
"경북","군위군",여자,2845,1272,956,418,226,500,148,322,101,762
"경북","의성군",합계,12145,5305,4223,1964,1230,3337,528,1192,185,3611
"경북","의성군",남자,6079,2746,2373,987,782,1825,261,295,-,1614
"경북","의성군",여자,6066,2559,1850,977,448,1512,267,897,185,1997
"경북","청송군",합계,6367,2715,2696,1284,716,1615,206,517,103,1242
"경북","청송군",남자,3201,1454,1457,645,435,909,97,77,-,611
"경북","청송군",여자,3166,1261,1239,639,281,706,109,440,103,631
"경북","영양군",합계,4302,1859,1710,809,428,1161,236,340,60,1275
"경북","영양군",남자,2130,967,924,388,258,634,90,69,-,603
"경북","영양군",여자,2172,892,786,421,170,527,146,271,60,672
"경북","영덕군",합계,7699,3186,2618,1409,885,2120,645,813,146,2144
"경북","영덕군",남자,3599,1547,1402,669,493,1161,228,192,-,928
"경북","영덕군",여자,4100,1639,1216,740,392,959,417,621,146,1216
"경북","청도군",합계,9625,3483,3430,1714,1152,3500,531,1112,196,1680
"경북","청도군",남자,4990,1999,2022,874,736,1943,234,254,-,863
"경북","청도군",여자,4635,1484,1408,840,416,1557,297,858,196,817
"경북","고령군",합계,7845,3119,2965,1358,930,2289,317,795,109,1824
"경북","고령군",남자,4423,1899,1861,741,615,1359,181,211,-,925
"경북","고령군",여자,3422,1220,1104,617,315,930,136,584,109,899
"경북","성주군",합계,10230,4260,4060,1688,1059,2638,477,951,175,2405
"경북","성주군",남자,5534,2420,2454,930,699,1570,261,212,-,1169
"경북","성주군",여자,4696,1840,1606,758,360,1068,216,739,175,1236
"경북","칠곡군",합계,28697,12372,13400,4535,3417,8388,1090,2105,323,4462
"경북","칠곡군",남자,18007,8371,9382,2896,2544,5645,583,437,-,2547
"경북","칠곡군",여자,10690,4001,4018,1639,873,2743,507,1668,323,1915
"경북","예천군",합계,11729,4917,4783,1860,1052,4032,517,1128,198,2939
"경북","예천군",남자,6063,2677,2700,934,688,2291,264,235,-,1382
"경북","예천군",여자,5666,2240,2083,926,364,1741,253,893,198,1557
"경북","봉화군",합계,8213,3579,3102,1711,874,3065,275,576,137,2422
"경북","봉화군",남자,4362,1970,1786,891,544,1767,147,150,-,1211
"경북","봉화군",여자,3851,1609,1316,820,330,1298,128,426,137,1211
"경북","울진군",합계,11217,5115,5177,1542,1045,2714,744,867,156,2039
"경북","울진군",남자,6436,3225,3218,867,721,1661,306,263,-,994
"경북","울진군",여자,4781,1890,1959,675,324,1053,438,604,156,1045
"경북","울릉군",합계,2189,971,897,409,262,756,100,131,35,380
"경북","울릉군",남자,1326,628,594,228,185,470,63,38,-,215
"경북","울릉군",여자,863,343,303,181,77,286,37,93,35,165
"경남","소계",합계,773419,307701,323255,133000,88337,249699,33289,58848,10828,196537
"경남","소계",남자,456221,200460,211699,76179,61341,162295,19175,13059,-,110790
"경남","소계",여자,317198,107241,111556,56821,26996,87404,14114,45789,10828,85747
"경남","창원시 의창구",합계,58620,24275,25248,9989,6766,19476,2802,4015,931,16432
"경남","창원시 의창구",남자,35241,16320,16589,5752,4765,12854,1589,931,-,9914
"경남","창원시 의창구",여자,23379,7955,8659,4237,2001,6622,1213,3084,931,6518
"경남","창원시 성산구",합계,57720,23147,25527,10488,6873,18714,2936,3683,788,13797
"경남","창원시 성산구",남자,37431,17040,17862,6318,5138,13519,1729,991,-,9252
"경남","창원시 성산구",여자,20289,6107,7665,4170,1735,5195,1207,2692,788,4545
"경남","창원시 마산합포구",합계,39924,16752,17486,6753,4763,13587,2092,3216,665,9657
"경남","창원시 마산합포구",남자,22745,10886,10800,3760,3202,8551,1185,718,-,5531
"경남","창원시 마산합포구",여자,17179,5866,6686,2993,1561,5036,907,2498,665,4126
"경남","창원시 마산회원구",합계,48262,20088,20539,8164,5814,15286,2901,3962,715,13762
"경남","창원시 마산회원구",남자,27709,12888,12976,4538,3948,9818,1610,838,-,7838
"경남","창원시 마산회원구",여자,20553,7200,7563,3626,1866,5468,1291,3124,715,5924
"경남","창원시 진해구",합계,45918,20719,18383,6839,5485,16833,2246,2639,532,10754
"경남","창원시 진해구",남자,29823,14829,12976,4234,3966,11589,1234,698,-,7168
"경남","창원시 진해구",여자,16095,5890,5407,2605,1519,5244,1012,1941,532,3586
"경남","진주시",합계,70209,26540,25250,11513,7085,18678,1879,6569,1097,17268
"경남","진주시",남자,38956,16786,15627,6462,4933,12276,1147,1133,-,8093
"경남","진주시",여자,31253,9754,9623,5051,2152,6402,732,5436,1097,9175
"경남","통영시",합계,28390,12386,12328,5087,3092,11984,1020,2183,420,6847
"경남","통영시",남자,15701,7389,7640,2803,2031,6957,589,443,-,3856
"경남","통영시",여자,12689,4997,4688,2284,1061,5027,431,1740,420,2991
"경남","사천시",합계,25904,10672,9592,4533,2711,6463,1176,2216,378,7794
"경남","사천시",남자,14752,6649,6030,2555,1878,4212,625,423,-,3664
"경남","사천시",여자,11152,4023,3562,1978,833,2251,551,1793,378,4130
"경남","김해시",합계,120991,48666,51137,21425,14493,42839,4480,7863,1369,26302
"경남","김해시",남자,73566,33025,34024,12402,10129,28165,2806,1450,-,16325
"경남","김해시",여자,47425,15641,17113,9023,4364,14674,1674,6413,1369,9977
"경남","밀양시",합계,23415,9579,9420,3368,2946,6876,852,1703,364,7519
"경남","밀양시",남자,12595,5578,5598,1864,1892,4142,464,368,-,3994
"경남","밀양시",여자,10820,4001,3822,1504,1054,2734,388,1335,364,3525
"경남","거제시",합계,63420,19825,33428,11629,7183,19999,2941,3959,633,13354
"경남","거제시",남자,43043,14203,25213,7517,5527,14363,1911,835,-,8434
"경남","거제시",여자,20377,5622,8215,4112,1656,5636,1030,3124,633,4920
"경남","양산시",합계,78678,29487,34141,13929,9114,25719,3104,6027,1041,15626
"경남","양산시",남자,46738,19373,22454,8051,6420,16970,1739,1625,-,9084
"경남","양산시",여자,31940,10114,11687,5878,2694,8749,1365,4402,1041,6542
"경남","의령군",합계,6673,2672,2488,1078,754,2128,305,592,117,2294
"경남","의령군",남자,3376,1455,1468,539,476,1176,136,144,-,1035
"경남","의령군",여자,3297,1217,1020,539,278,952,169,448,117,1259
"경남","함안군",합계,16246,6965,6361,2763,2004,5140,788,1172,226,4645
"경남","함안군",남자,9795,4515,4360,1609,1407,3405,474,283,-,2671
"경남","함안군",여자,6451,2450,2001,1154,597,1735,314,889,226,1974
"경남","창녕군",합계,14297,6249,5168,2349,1611,4373,681,1160,251,4308
"경남","창녕군",남자,7928,3761,3264,1308,1026,2632,379,277,-,2188
"경남","창녕군",여자,6369,2488,1904,1041,585,1741,302,883,251,2120
"경남","고성군",합계,12229,5174,4889,2185,1363,4322,460,1317,183,3818
"경남","고성군",남자,6326,2858,2799,1139,821,2399,255,391,-,1855
"경남","고성군",여자,5903,2316,2090,1046,542,1923,205,926,183,1963
"경남","남해군",합계,10392,4181,3843,1771,954,2765,388,1088,186,4116
"경남","남해군",남자,4910,2118,2028,862,547,1467,177,278,-,1794
"경남","남해군",여자,5482,2063,1815,909,407,1298,211,810,186,2322
"경남","하동군",합계,10541,4104,3583,1851,1102,2829,241,1114,195,3784
"경남","하동군",남자,5278,2148,2068,900,669,1659,126,250,-,1709
"경남","하동군",여자,5263,1956,1515,951,433,1170,115,864,195,2075
"경남","산청군",합계,8241,3254,2714,1447,916,2182,262,891,132,2788
"경남","산청군",남자,4150,1722,1554,714,566,1236,144,205,-,1249
"경남","산청군",여자,4091,1532,1160,733,350,946,118,686,132,1539
"경남","함양군",합계,8977,3294,3357,1601,768,2606,450,998,159,3191
"경남","함양군",남자,4333,1689,1831,767,458,1390,241,232,-,1384
"경남","함양군",여자,4644,1605,1526,834,310,1216,209,766,159,1807
"경남","거창군",합계,13803,5641,5264,2536,1409,4292,821,1139,242,4858
"경남","거창군",남자,6782,3078,2807,1248,852,2132,383,225,-,2237
"경남","거창군",여자,7021,2563,2457,1288,557,2160,438,914,242,2621
"경남","합천군",합계,10569,4031,3109,1702,1131,2608,464,1342,204,3623
"경남","합천군",남자,5043,2150,1731,837,690,1383,232,321,-,1515
"경남","합천군",여자,5526,1881,1378,865,441,1225,232,1021,204,2108
"제주","소계",합계,132402,61355,60787,22772,15709,43378,4069,7632,1924,22276
"제주","소계",남자,72671,38995,35807,11633,10176,26301,2259,1221,-,12193
"제주","소계",여자,59731,22360,24980,11139,5533,17077,1810,6411,1924,10083
"제주","제주시",합계,97803,44592,45733,16699,11614,32765,2838,5738,1374,16203
"제주","제주시",남자,53910,28697,27250,8500,7587,19919,1623,864,-,8714
"제주","제주시",여자,43893,15895,18483,8199,4027,12846,1215,4874,1374,7489
"제주","서귀포시",합계,34599,16763,15054,6073,4095,10613,1231,1894,550,6073
"제주","서귀포시",남자,18761,10298,8557,3133,2589,6382,636,357,-,3479
"제주","서귀포시",여자,15838,6465,6497,2940,1506,4231,595,1537,550,2594
