"행정구역별","성별",2015,2015,2015,2015,2015,2015,2015,2015,2015,2015,2015
"행정구역별","성별",20세이상 인구-계,사회분야단체,경제분야단체,문화분야단체,정치분야단체,종교분야단체,지역단체,친목단체,교육단체,기타,없음
"전국","계",39378759,1619204,515029,3615364,113787,2941716,679850,6716246,882710,16096,27151200
"전국","남자",19191076,797009,376433,2125199,77805,1138720,289307,3868286,187848,8112,12883075
"전국","여자",20187683,822195,138596,1490165,35982,1802996,390543,2847960,694862,7984,14268125
"동부","계",31979296,1265797,408661,3074108,90625,2464052,496816,5325013,752804,13291,22069915
"동부","남자",15519293,606631,297005,1791496,61062,943344,202487,3027617,152325,6678,10482352
"동부","여자",16460003,659166,111656,1282612,29563,1520708,294329,2297396,600479,6613,11587563
"읍부","계",3458853,166022,49660,303069,10478,222056,71056,614274,71167,1233,2381472
"읍부","남자",1716488,86306,36443,187617,7382,88427,31462,366673,17067,655,1135089
"읍부","여자",1742365,79716,13217,115452,3096,133629,39594,247601,54100,578,1246383
"면부","계",3940610,187385,56708,238187,12684,255608,111978,776959,58739,1572,2699813
"면부","남자",1955295,104072,42985,146086,9361,106949,55358,473996,18456,779,1265634
"면부","여자",1985315,83313,13723,92101,3323,148659,56620,302963,40283,793,1434179
"서울특별시","계",7820307,286976,87755,768327,23336,717945,112661,1231963,189169,3813,5401558
"서울특별시","남자",3742151,132310,60585,428318,15317,272674,44188,688823,34418,1826,2553304
"서울특별시","여자",4078156,154666,27170,340009,8019,445271,68473,543140,154751,1987,2848254
"종로구","계",123566,5921,1421,12878,530,11498,1998,18486,2977,45,85199
"종로구","남자",59014,2700,981,6980,378,4363,863,10318,635,22,40314
"종로구","여자",64552,3221,440,5898,152,7135,1135,8168,2342,23,44885
"중구","계",101507,3801,994,8420,370,7804,1626,15155,1845,57,72837
"중구","남자",49259,1721,707,4673,241,3045,672,8636,373,21,34912
"중구","여자",52248,2080,287,3747,129,4759,954,6519,1472,36,37925
"용산구","계",177996,7526,2082,18129,765,17183,2688,27436,4052,87,122764
"용산구","남자",83881,3495,1403,9618,518,6324,1152,15051,798,41,57511
"용산구","여자",94115,4031,679,8511,247,10859,1536,12385,3254,46,65253
"성동구","계",236702,9447,2498,23183,871,19128,3967,37784,5515,134,164805
"성동구","남자",115227,4409,1667,12932,616,7370,1564,21295,1031,35,79274
"성동구","여자",121475,5038,831,10251,255,11758,2403,16489,4484,99,85531
"광진구","계",291636,10821,2738,28585,756,22213,3094,45597,6149,104,205762
"광진구","남자",140178,4819,1958,15812,466,8731,1282,25151,1041,71,97274
"광진구","여자",151458,6002,780,12773,290,13482,1812,20446,5108,33,108488
"동대문구","계",291897,8961,3148,23759,805,20870,3547,42299,5538,189,211555
"동대문구","남자",143386,4142,2104,13592,551,8342,1501,23707,1198,116,102515
"동대문구","여자",148511,4819,1044,10167,254,12528,2046,18592,4340,73,109040
"중랑구","계",328645,8627,2708,24105,737,24877,4023,50088,5425,70,237999
"중랑구","남자",160022,3833,1997,13805,455,9811,1474,27462,944,42,114609
"중랑구","여자",168623,4794,711,10300,282,15066,2549,22626,4481,28,123390
"성북구","계",362934,12726,3556,32864,950,33588,4746,54807,7997,121,253761
"성북구","남자",172362,5755,2404,18540,672,12993,2014,30354,1613,52,118664
"성북구","여자",190572,6971,1152,14324,278,20595,2732,24453,6384,69,135097
"강북구","계",261845,7161,2045,20153,780,21900,2725,37860,4646,37,189200
"강북구","남자",125137,3206,1398,10979,486,8374,1142,20450,947,23,89986
"강북구","여자",136708,3955,647,9174,294,13526,1583,17410,3699,14,99214
"도봉구","계",274704,8314,2463,21809,627,19744,3126,39829,5248,143,200535
"도봉구","남자",130862,3400,1738,12194,383,7287,1149,22133,1040,69,94544
"도봉구","여자",143842,4914,725,9615,244,12457,1977,17696,4208,74,105991
"노원구","계",438287,15550,5086,42169,1162,35701,5685,62824,12689,210,307239
"노원구","남자",206557,7036,3494,23813,703,13062,2128,35170,2633,104,142641
"노원구","여자",231730,8514,1592,18356,459,22639,3557,27654,10056,106,164598
"은평구","계",383665,11859,3453,31476,1017,32820,4770,54031,7125,140,277418
"은평구","남자",181762,5251,2432,17591,610,12217,1894,29716,1214,86,130429
"은평구","여자",201903,6608,1021,13885,407,20603,2876,24315,5911,54,146989
"서대문구","계",248483,9552,2406,23471,908,22981,2540,34937,5362,303,174853
"서대문구","남자",116812,4431,1611,12876,579,8750,930,19437,1047,147,81100
"서대문구","여자",131671,5121,795,10595,329,14231,1610,15500,4315,156,93753
"마포구","계",304932,11800,3949,31716,1044,27170,4598,45175,7079,327,210258
"마포구","남자",142688,5209,2470,17337,713,10191,1875,24725,1348,130,97149
"마포구","여자",162244,6591,1479,14379,331,16979,2723,20450,5731,197,113109
"양천구","계",358356,14597,4968,38939,1048,36094,5643,62546,12014,102,237451
"양천구","남자",171178,6546,3584,21434,696,13632,2191,35476,1798,65,112689
"양천구","여자",187178,8051,1384,17505,352,22462,3452,27070,10216,37,124762
"강서구","계",456362,15358,4739,42278,1120,39136,6882,65388,9757,67,322713
"강서구","남자",216929,7115,3278,24152,781,14706,2685,36850,1557,43,151044
"강서구","여자",239433,8243,1461,18126,339,24430,4197,28538,8200,24,171669
"구로구","계",332855,9817,3684,29026,765,27083,5267,50773,7239,79,236653
"구로구","남자",162146,4368,2462,16493,524,10137,1971,28407,1367,34,114343
"구로구","여자",170709,5449,1222,12533,241,16946,3296,22366,5872,45,122310
"금천구","계",190003,5254,1512,14590,343,13478,2541,27362,2984,87,138741
"금천구","남자",94997,2343,1045,8598,282,5216,969,15126,545,37,69131
"금천구","여자",95006,2911,467,5992,61,8262,1572,12236,2439,50,69610
"영등포구","계",300262,11232,3375,30742,999,27833,5166,50759,6400,194,203357
"영등포구","남자",146248,5469,2255,17568,590,10717,2075,28847,1096,91,97580
"영등포구","여자",154014,5763,1120,13174,409,17116,3091,21912,5304,103,105777
"동작구","계",326192,12558,3856,34379,922,31981,4566,51130,7109,254,222957
"동작구","남자",157087,5939,2641,19086,610,12012,1683,28589,1353,126,106263
"동작구","여자",169105,6619,1215,15293,312,19969,2883,22541,5756,128,116694
"관악구","계",423842,14843,3624,39715,1402,40234,4179,57355,6983,199,298479
"관악구","남자",211067,7218,2434,23154,923,16039,1454,33042,1464,99,147567
"관악구","여자",212775,7625,1190,16561,479,24195,2725,24313,5519,100,150912
"서초구","계",326665,17404,5978,44244,1319,41531,7508,66990,13903,235,198639
"서초구","남자",151791,8104,4149,23779,785,15234,2808,37581,2505,109,90607
"서초구","여자",174874,9300,1829,20465,534,26297,4700,29409,11398,126,108032
"강남구","계",426139,20892,7083,56410,1661,50343,8308,83388,16675,338,267208
"강남구","남자",196196,10203,5068,30279,1118,18657,3404,46677,2900,144,119034
"강남구","여자",229943,10689,2015,26131,543,31686,4904,36711,13775,194,148174
"송파구","계",499113,21172,6752,59517,1471,54212,8313,88897,15351,207,326328
"송파구","남자",236502,9942,4764,32592,999,20445,3199,49992,2415,90,152245
"송파구","여자",262611,11230,1988,26925,472,33767,5114,38905,12936,117,174083
"강동구","계",353719,11783,3637,35770,964,38543,5155,61067,9107,84,234847
"강동구","남자",170863,5656,2541,20441,638,15019,2109,34631,1556,29,111879
"강동구","여자",182856,6127,1096,15329,326,23524,3046,26436,7551,55,122968
"부산광역시","계",2772053,91379,29073,226459,7247,160004,39919,496753,52169,485,1946628
"부산광역시","남자",1328473,43100,21062,131379,4653,58408,16694,269628,10515,198,914985
"부산광역시","여자",1443580,48279,8011,95080,2594,101596,23225,227125,41654,287,1031643
"동부","계",2661144,87753,27385,217523,7001,154261,37505,482336,50159,472,1864308
"동부","남자",1275436,41414,19804,126051,4479,56142,15605,261305,10211,193,876936
"동부","여자",1385708,46339,7581,91472,2522,98119,21900,221031,39948,279,987372
"읍부","계",97277,3028,1559,8127,209,5034,2031,11830,1877,5,72610
"읍부","남자",46400,1399,1161,4804,141,1963,930,6845,269,5,33558
"읍부","여자",50877,1629,398,3323,68,3071,1101,4985,1608,,39052
"면부","계",13632,598,129,809,37,709,383,2587,133,8,9710
"면부","남자",6637,287,97,524,33,303,159,1478,35,,4491
"면부","여자",6995,311,32,285,4,406,224,1109,98,8,5219
"중구","계",38414,1582,389,2192,203,2312,572,6677,397,6,27262
"중구","남자",18346,782,289,1283,114,838,296,3633,80,2,12714
"중구","여자",20068,800,100,909,89,1474,276,3044,317,4,14548
"서구","계",93559,2931,827,5978,253,5698,1275,15703,1541,28,67565
"서구","남자",44617,1343,606,3371,201,2147,592,8332,275,,31850
"서구","여자",48942,1588,221,2607,52,3551,683,7371,1266,28,35715
"동구","계",75188,2549,511,3910,255,3909,1072,9329,763,5,58387
"동구","남자",36102,1275,383,2396,176,1427,486,5088,190,5,27668
"동구","여자",39086,1274,128,1514,79,2482,586,4241,573,,30719
"영도구","계",108027,3342,850,6387,309,7162,1294,22135,1873,16,73607
"영도구","남자",53006,1673,660,3986,204,2810,546,11825,384,7,35644
"영도구","여자",55021,1669,190,2401,105,4352,748,10310,1489,9,37963
"부산진구","계",309019,9052,3187,23283,882,13292,3778,51608,5252,48,225767
"부산진구","남자",146812,4311,2178,13476,489,4828,1613,27697,1028,24,105116
"부산진구","여자",162207,4741,1009,9807,393,8464,2165,23911,4224,24,120651
"동래구","계",210965,8345,2187,19072,469,14115,3216,41188,4474,11,142085
"동래구","남자",100201,4037,1586,10813,315,5201,1369,22274,925,3,66178
"동래구","여자",110764,4308,601,8259,154,8914,1847,18914,3549,8,75907
"남구","계",227573,7374,2523,18590,534,13006,2599,41426,4402,29,158665
"남구","남자",109028,3347,1873,10927,346,4726,1124,22232,754,11,74932
"남구","여자",118545,4027,650,7663,188,8280,1475,19194,3648,18,83733
"북구","계",239076,6898,2227,18730,528,11752,3380,42126,4267,32,171659
"북구","남자",115307,3150,1627,10725,357,4250,1314,22796,797,12,81371
"북구","여자",123769,3748,600,8005,171,7502,2066,19330,3470,20,90288
"해운대구","계",319734,12249,4129,30191,949,21710,4826,53305,7838,57,222830
"해운대구","남자",149997,5916,2999,17088,636,7778,1836,29302,1777,26,102145
"해운대구","여자",169737,6333,1130,13103,313,13932,2990,24003,6061,31,120685
"사하구","계",265361,7150,2456,21656,706,14980,3448,47742,4307,105,186653
"사하구","남자",129258,3302,1850,13219,439,5455,1457,26201,833,62,88957
"사하구","여자",136103,3848,606,8437,267,9525,1991,21541,3474,43,97696
"금정구","계",203002,7711,2284,18170,491,13226,2836,40694,4180,75,136354
"금정구","남자",97203,3588,1629,10456,313,4678,1173,21907,913,25,63963
"금정구","여자",105799,4123,655,7714,178,8548,1663,18787,3267,50,72391
"강서구","계",67849,2082,961,5277,171,3909,1490,13032,1618,30,46772
"강서구","남자",34274,1002,730,3240,123,1577,696,7469,365,14,23079
"강서구","여자",33575,1080,231,2037,48,2332,794,5563,1253,16,23693
"연제구","계",164817,6237,1718,17455,517,11628,2896,34744,3664,18,108323
"연제구","남자",78285,2976,1231,9786,293,4271,1167,18612,723,2,50271
"연제구","여자",86532,3261,487,7669,224,7357,1729,16132,2941,16,58052
"수영구","계",144083,5374,1506,13523,400,10551,2093,27286,3002,,97135
"수영구","남자",66893,2536,995,7393,261,3544,873,14781,701,,44113
"수영구","여자",77190,2838,511,6130,139,7007,1220,12505,2301,,53022
"사상구","계",194477,4877,1630,13109,334,7011,2730,35341,2581,12,141244
"사상구","남자",96107,2176,1168,7892,212,2612,1063,19156,466,,68935
"사상구","여자",98370,2701,462,5217,122,4399,1667,16185,2115,12,72309
"기장군","계",110909,3626,1688,8936,246,5743,2414,14417,2010,13,82320
"기장군","남자",53037,1686,1258,5328,174,2266,1089,8323,304,5,38049
"기장군","여자",57872,1940,430,3608,72,3477,1325,6094,1706,8,44271
"대구광역시","계",1924488,77683,21753,187975,5276,123050,27007,358463,41886,414,1317160
"대구광역시","남자",928850,36000,15745,108173,3580,46158,10649,199899,8720,174,620953
"대구광역시","여자",995638,41683,6008,79802,1696,76892,16358,158564,33166,240,696207
"동부","계",1781718,72090,19728,174671,4901,114920,24235,335550,39318,390,1215905
"동부","남자",857688,33427,14202,100051,3323,42978,9668,186308,8200,163,571902
"동부","여자",924030,38663,5526,74620,1578,71942,14567,149242,31118,227,644003
"읍부","계",102035,4163,1650,9834,251,5942,2124,17063,2048,17,71338
"읍부","남자",50753,1846,1254,5907,181,2301,768,9931,397,11,34690
"읍부","여자",51282,2317,396,3927,70,3641,1356,7132,1651,6,36648
"면부","계",40735,1430,375,3470,124,2188,648,5850,520,7,29917
"면부","남자",20409,727,289,2215,76,879,213,3660,123,,14361
"면부","여자",20326,703,86,1255,48,1309,435,2190,397,7,15556
"중구","계",65197,2996,984,5601,252,5414,1054,11689,1154,11,44522
"중구","남자",30995,1414,628,3030,170,2018,516,6529,294,3,20823
"중구","여자",34202,1582,356,2571,82,3396,538,5160,860,8,23699
"동구","계",272442,9792,2906,25306,734,17307,3677,51382,5200,65,187548
"동구","남자",131291,4647,2130,14397,507,6636,1565,28302,1057,20,88244
"동구","여자",141151,5145,776,10909,227,10671,2112,23080,4143,45,99304
"서구","계",168899,4901,906,10218,417,6373,1347,27560,1782,30,126702
"서구","남자",83118,2104,622,6044,246,2576,542,14808,336,6,61639
"서구","여자",85781,2797,284,4174,171,3797,805,12752,1446,24,65063
"남구","계",134128,4060,750,8755,271,7441,948,15457,1569,33,104297
"남구","남자",63298,1857,550,4930,192,2834,421,8777,418,19,48286
"남구","여자",70830,2203,200,3825,79,4607,527,6680,1151,14,56011
"북구","계",344776,13616,3571,34964,812,20520,5120,67448,7389,134,231603
"북구","남자",168649,6521,2575,20500,569,7568,2153,37111,1667,60,110661
"북구","여자",176127,7095,996,14464,243,12952,2967,30337,5722,74,120942
"수성구","계",331352,17180,5496,41869,1126,29866,5201,74127,11468,75,204738
"수성구","남자",155168,8430,3985,23698,792,10852,1992,41674,2300,42,92192
"수성구","여자",176184,8750,1511,18171,334,19014,3209,32453,9168,33,112546
"달서구","계",464924,19545,5115,47958,1289,27999,6888,87887,10756,42,316495
"달서구","남자",225169,8454,3712,27452,847,10494,2479,49107,2128,13,150057
"달서구","여자",239755,11091,1403,20506,442,17505,4409,38780,8628,29,166438
"달성군","계",142770,5593,2025,13304,375,8130,2772,22913,2568,24,101255
"달성군","남자",71162,2573,1543,8122,257,3180,981,13591,520,11,49051
"달성군","여자",71608,3020,482,5182,118,4950,1791,9322,2048,13,52204
"인천광역시","계",2223236,70287,23194,173974,5013,160976,30343,306259,43418,820,1625257
"인천광역시","남자",1088853,32254,17123,104206,3197,62643,12487,175984,8444,418,782992
"인천광역시","여자",1134383,38033,6071,69768,1816,98333,17856,130275,34974,402,842265
"동부","계",2154501,66889,22355,169360,4778,153179,28768,291930,42057,798,1580590
"동부","남자",1053965,30462,16478,101387,3009,59199,11682,166996,8019,407,761564
"동부","여자",1100536,36427,5877,67973,1769,93980,17086,124934,34038,391,819026
"읍부","계",16493,710,147,1315,44,1520,140,3237,345,,11345
"읍부","남자",8023,413,114,847,40,662,45,1997,84,,5096
"읍부","여자",8470,297,33,468,4,858,95,1240,261,,6249
"면부","계",52242,2688,692,3299,191,6277,1435,11092,1016,22,33322
"면부","남자",26865,1379,531,1972,148,2782,760,6991,341,11,16332
"면부","여자",25377,1309,161,1327,43,3495,675,4101,675,11,16990
"중구","계",85632,3534,1093,7004,211,6101,1500,11138,1651,26,62143
"중구","남자",43335,1726,857,4261,127,2575,676,6738,351,8,30705
"중구","여자",42297,1808,236,2743,84,3526,824,4400,1300,18,31438
"동구","계",57266,2087,493,3546,129,3816,783,7142,869,27,43111
"동구","남자",28160,918,354,2171,63,1419,275,4104,149,22,21072
"동구","여자",29106,1169,139,1375,66,2397,508,3038,720,5,22039
"남구","계",323409,8229,2880,18285,537,20746,2447,42735,4222,70,245370
"남구","남자",160738,3770,2111,11396,325,8020,1046,24293,870,17,120309
"남구","여자",162671,4459,769,6889,212,12726,1401,18442,3352,53,125061
"연수구","계",234125,9660,3090,24010,692,18958,4288,37317,7095,94,160497
"연수구","남자",113589,4479,2353,14156,436,7188,1729,21753,1300,72,76219
"연수구","여자",120536,5181,737,9854,256,11770,2559,15564,5795,22,84278
"남동구","계",402351,11829,3973,34223,777,29324,5941,55966,7886,291,293401
"남동구","남자",195412,5407,2932,20397,518,11230,2402,31982,1537,153,139868
"남동구","여자",206939,6422,1041,13826,259,18094,3539,23984,6349,138,153533
"부평구","계",428327,12599,4167,33176,777,31243,5039,58766,7948,147,314419
"부평구","남자",207240,5602,2972,19573,469,11751,1986,32990,1394,79,150412
"부평구","여자",221087,6997,1195,13603,308,19492,3053,25776,6554,68,164007
"계양구","계",254232,7743,2443,19334,611,17949,2971,31830,4506,14,189223
"계양구","남자",123604,3179,1751,11719,455,7156,1107,18292,835,,90501
"계양구","여자",130628,4564,692,7615,156,10793,1864,13538,3671,14,98722
"서구","계",369159,11208,4216,29782,1044,25042,5799,47036,7880,129,272426
"서구","남자",181887,5381,3148,17714,616,9860,2461,26844,1583,56,132478
"서구","여자",187272,5827,1068,12068,428,15182,3338,20192,6297,73,139948
"강화군","계",52925,2573,648,3635,178,6256,967,11175,1078,10,34226
"강화군","남자",25954,1426,484,2127,143,2794,513,6946,359,5,15553
"강화군","여자",26971,1147,164,1508,35,3462,454,4229,719,5,18673
"옹진군","계",15810,825,191,979,57,1541,608,3154,283,12,10441
"옹진군","남자",8934,366,161,692,45,650,292,2042,66,6,5875
"옹진군","여자",6876,459,30,287,12,891,316,1112,217,6,4566
"광주광역시","계",1131706,48446,16325,105340,4028,89179,17213,188686,26975,411,780397
"광주광역시","남자",546680,24700,11500,63373,2844,34903,7609,109796,6743,175,364187
"광주광역시","여자",585026,23746,4825,41967,1184,54276,9604,78890,20232,236,416210
"동구","계",85700,3732,824,6563,335,7919,1176,13610,1550,22,60322
"동구","남자",42198,1873,527,3970,251,3153,549,7884,447,13,29142
"동구","여자",43502,1859,297,2593,84,4766,627,5726,1103,9,31180
"서구","계",232498,11266,4336,25822,1018,17947,4242,50070,6669,91,148333
"서구","남자",111096,6144,3153,15170,698,6891,1874,28595,1605,32,67458
"서구","여자",121402,5122,1183,10652,320,11056,2368,21475,5064,59,80875
"남구","계",171311,7885,2387,15725,617,14832,2367,29151,4461,57,116155
"남구","남자",80572,4115,1621,9028,475,5837,1017,16298,1308,29,52998
"남구","여자",90739,3770,766,6697,142,8995,1350,12853,3153,28,63157
"북구","계",354219,14307,4989,30779,1086,28921,4931,53533,7751,170,250127
"북구","남자",171900,7233,3493,18924,796,11414,2223,31386,2067,92,117492
"북구","여자",182319,7074,1496,11855,290,17507,2708,22147,5684,78,132635
"광산구","계",287978,11256,3789,26451,972,19560,4497,42322,6544,71,205460
"광산구","남자",140914,5335,2706,16281,624,7608,1946,25633,1316,9,97097
"광산구","여자",147064,5921,1083,10170,348,11952,2551,16689,5228,62,108363
"대전광역시","계",1175648,50866,17722,125529,2986,100565,17749,212644,30798,779,779607
"대전광역시","남자",575165,25137,12636,74237,2169,39998,7094,123420,6513,421,370766
"대전광역시","여자",600483,25729,5086,51292,817,60567,10655,89224,24285,358,408841
"동구","계",194244,6855,1745,17051,411,12034,2233,30023,3477,64,139106
"동구","남자",96095,3364,1228,9841,320,4672,944,17124,781,28,67672
"동구","여자",98149,3491,517,7210,91,7362,1289,12899,2696,36,71434
"중구","계",197232,7649,2164,15892,469,13991,2256,30537,3948,82,141204
"중구","남자",94908,3685,1510,9141,331,5205,1011,17656,847,36,66336
"중구","여자",102324,3964,654,6751,138,8786,1245,12881,3101,46,74868
"서구","계",374776,16843,6076,43212,922,36468,5390,79446,10904,91,232964
"서구","남자",178940,8184,4256,25215,654,14552,2095,44914,2254,46,107420
"서구","여자",195836,8659,1820,17997,268,21916,3295,34532,8650,45,125544
"유성구","계",255625,13344,4791,35842,833,27059,5439,45920,9627,462,160511
"유성구","남자",128945,6999,3516,21784,600,11212,2104,28319,2004,275,78205
"유성구","여자",126680,6345,1275,14058,233,15847,3335,17601,7623,187,82306
"대덕구","계",153771,6175,2946,13532,351,11013,2431,26718,2842,80,105822
"대덕구","남자",76277,2905,2126,8256,264,4357,940,15407,627,36,51133
"대덕구","여자",77494,3270,820,5276,87,6656,1491,11311,2215,44,54689
"울산광역시","계",878794,48628,27758,100870,3315,48397,17144,176085,21726,230,575279
"울산광역시","남자",445325,23001,24095,60952,2255,18412,6627,102637,4073,141,280873
"울산광역시","여자",433469,25627,3663,39918,1060,29985,10517,73448,17653,89,294406
"동부","계",715537,39906,24418,82460,2806,39544,13057,140365,17833,134,470652
"동부","남자",362683,18810,21339,49791,1900,15041,5036,81966,3245,87,229563
"동부","여자",352854,21096,3079,32669,906,24503,8021,58399,14588,47,241089
"읍부","계",108972,6175,1852,12682,368,6206,2417,20345,2952,67,72088
"읍부","남자",55718,2937,1511,7709,260,2375,922,12156,613,41,35956
"읍부","여자",53254,3238,341,4973,108,3831,1495,8189,2339,26,36132
"면부","계",54285,2547,1488,5728,141,2647,1670,15375,941,29,32539
"면부","남자",26924,1254,1245,3452,95,996,669,8515,215,13,15354
"면부","여자",27361,1293,243,2276,46,1651,1001,6860,726,16,17185
"중구","계",183998,10739,4652,19379,603,9733,3327,34983,4113,42,124085
"중구","남자",91424,5166,3993,11779,428,3690,1315,20116,873,33,59521
"중구","여자",92574,5573,659,7600,175,6043,2012,14867,3240,9,64564
"남구","계",261026,16119,6864,32958,1195,15545,4430,54498,7694,27,168097
"남구","남자",130411,7894,5749,19420,777,5574,1761,31197,1384,14,81405
"남구","여자",130615,8225,1115,13538,418,9971,2669,23301,6310,13,86692
"동구","계",133923,5673,3770,12902,501,6875,2208,22985,2501,16,93294
"동구","남자",71358,2459,3184,7966,328,2869,834,13931,437,16,48579
"동구","여자",62565,3214,586,4936,173,4006,1374,9054,2064,,44715
"북구","계",136590,7375,9132,17221,507,7391,3092,27899,3525,49,85176
"북구","남자",69490,3291,8413,10626,367,2908,1126,16722,551,24,40058
"북구","여자",67100,4084,719,6595,140,4483,1966,11177,2974,25,45118
"울주군","계",163257,8722,3340,18410,509,8853,4087,35720,3893,96,104627
"울주군","남자",82642,4191,2756,11161,355,3371,1591,20671,828,54,51310
"울주군","여자",80615,4531,584,7249,154,5482,2496,15049,3065,42,53317
"세종특별자치시","계",148298,7066,2679,16370,511,11046,4581,25373,4900,81,97929
"세종특별자치시","남자",73946,3557,1870,9818,342,4474,2023,15357,950,65,47375
"세종특별자치시","여자",74352,3509,809,6552,169,6572,2558,10016,3950,16,50554
"동부","계",67364,3327,1457,9961,254,6437,2366,12058,3553,32,41293
"동부","남자",32129,1706,1070,5862,162,2562,1027,7327,584,27,18816
"동부","여자",35235,1621,387,4099,92,3875,1339,4731,2969,5,22477
"읍부","계",39451,1905,544,3866,131,2153,712,5764,809,35,27578
"읍부","남자",20467,872,356,2396,105,893,283,3444,239,29,14046
"읍부","여자",18984,1033,188,1470,26,1260,429,2320,570,6,13532
"면부","계",41483,1834,678,2543,126,2456,1503,7551,538,14,29058
"면부","남자",21350,979,444,1560,75,1019,713,4586,127,9,14513
"면부","여자",20133,855,234,983,51,1437,790,2965,411,5,14545
"세종시","계",148298,7066,2679,16370,511,11046,4581,25373,4900,81,97929
"세종시","남자",73946,3557,1870,9818,342,4474,2023,15357,950,65,47375
"세종시","여자",74352,3509,809,6552,169,6572,2558,10016,3950,16,50554
"경기도","계",9329058,333316,103566,882552,22871,748276,162427,1398631,217022,5055,6544323
"경기도","남자",4584686,159924,74161,517177,15496,291230,68595,811040,40864,2711,3160717
"경기도","여자",4744372,173392,29405,365375,7375,457046,93832,587591,176158,2344,3383606
"동부","계",7727684,275476,85011,751140,18890,631096,128873,1143245,187090,4227,5416100
"동부","남자",3769031,129766,60431,436749,12763,242631,52936,656925,33459,2224,2601155
"동부","여자",3958653,145710,24580,314391,6127,388465,75937,486320,153631,2003,2814945
"읍부","계",931529,32271,10624,81856,2261,69038,16720,134960,18913,428,663085
"읍부","남자",466917,16200,7937,50182,1511,27909,7341,80537,4126,276,324069
"읍부","여자",464612,16071,2687,31674,750,41129,9379,54423,14787,152,339016
"면부","계",669845,25569,7931,49556,1720,48142,16834,120426,11019,400,465138
"면부","남자",348738,13958,5793,30246,1222,20690,8318,73578,3279,211,235493
"면부","여자",321107,11611,2138,19310,498,27452,8516,46848,7740,189,229645
"수원시","계",887067,32300,10244,87866,1961,66342,14503,131180,22757,507,625721
"수원시","남자",436364,14978,7147,51133,1306,25421,5835,75965,4056,305,303562
"수원시","여자",450703,17322,3097,36733,655,40921,8668,55215,18701,202,322159
"장안구","계",225494,8518,2946,23066,535,17106,3777,35157,6041,124,156015
"장안구","남자",110823,3850,2087,13490,324,6418,1530,20461,1072,74,75594
"장안구","여자",114671,4668,859,9576,211,10688,2247,14696,4969,50,80421
"권선구","계",262649,8007,2537,22239,420,17267,3848,36716,5356,154,192093
"권선구","남자",128700,3709,1778,13033,318,6526,1602,20836,1053,100,92832
"권선구","여자",133949,4298,759,9206,102,10741,2246,15880,4303,54,99261
"팔달구","계",156612,4649,1508,11589,410,10518,1638,20106,2532,32,117764
"팔달구","남자",76640,1999,1004,6579,265,4017,679,11447,530,13,57195
"팔달구","여자",79972,2650,504,5010,145,6501,959,8659,2002,19,60569
"영통구","계",242312,11126,3253,30972,596,21451,5240,39201,8828,197,159849
"영통구","남자",120201,5420,2278,18031,399,8460,2024,23221,1401,118,77941
"영통구","여자",122111,5706,975,12941,197,12991,3216,15980,7427,79,81908
"성남시","계",737821,30110,8847,75956,1954,66564,13368,120701,19561,614,501797
"성남시","남자",357132,14103,6253,42102,1442,24684,5400,68323,3169,370,240778
"성남시","여자",380689,16007,2594,33854,512,41880,7968,52378,16392,244,261019
"수정구","계",176725,5506,1359,11361,387,9859,1922,21064,2207,128,136065
"수정구","남자",88180,2604,898,6650,317,3835,912,12029,421,87,67193
"수정구","여자",88545,2902,461,4711,70,6024,1010,9035,1786,41,68872
"중원구","계",195393,6056,1976,13918,474,13372,2413,31421,3143,140,140505
"중원구","남자",96674,2861,1339,8005,310,5182,1094,17156,530,71,69243
"중원구","여자",98719,3195,637,5913,164,8190,1319,14265,2613,69,71262
"분당구","계",365703,18548,5512,50677,1093,43333,9033,68216,14211,346,225227
"분당구","남자",172278,8638,4016,27447,815,15667,3394,39138,2218,212,104342
"분당구","여자",193425,9910,1496,23230,278,27666,5639,29078,11993,134,120885
"의정부시","계",327319,9174,3122,24335,607,21157,3737,47119,5475,91,239754
"의정부시","남자",157173,4455,2194,14676,403,7997,1513,26150,1130,44,112877
"의정부시","여자",170146,4719,928,9659,204,13160,2224,20969,4345,47,126877
"안양시","계",454480,16879,4851,45661,1229,39945,7371,70597,11468,250,313289
"안양시","남자",219844,7805,3546,25693,781,15379,2897,39930,1768,101,149878
"안양시","여자",234636,9074,1305,19968,448,24566,4474,30667,9700,149,163411
"만안구","계",193914,6247,1865,15446,462,15031,2876,26682,3585,140,140778
"만안구","남자",95021,2825,1372,8911,296,5979,1232,15060,656,60,68247
"만안구","여자",98893,3422,493,6535,166,9052,1644,11622,2929,80,72531
"동안구","계",260566,10632,2986,30215,767,24914,4495,43915,7883,110,172511
"동안구","남자",124823,4980,2174,16782,485,9400,1665,24870,1112,41,81631
"동안구","여자",135743,5652,812,13433,282,15514,2830,19045,6771,69,90880
"부천시","계",654498,18641,6113,51959,1334,48367,8490,90250,11758,363,479508
"부천시","남자",318006,8964,4147,30093,950,18661,3603,51038,2017,205,229532
"부천시","여자",336492,9677,1966,21866,384,29706,4887,39212,9741,158,249976
"원미구","계",340683,10543,3399,30113,696,25345,4795,49691,6806,237,245680
"원미구","남자",164564,5236,2319,17402,491,9683,1936,28395,1178,138,116453
"원미구","여자",176119,5307,1080,12711,205,15662,2859,21296,5628,99,129227
"소사구","계",172647,4365,1688,12950,373,13411,2323,24009,3121,67,125454
"소사구","남자",83658,2084,1057,7272,238,5421,1071,13267,579,40,59968
"소사구","여자",88989,2281,631,5678,135,7990,1252,10742,2542,27,65486
"오정구","계",141168,3733,1026,8896,265,9611,1372,16550,1831,59,108374
"오정구","남자",69784,1644,771,5419,221,3557,596,9376,260,27,53111
"오정구","여자",71384,2089,255,3477,44,6054,776,7174,1571,32,55263
"광명시","계",257243,8791,2546,21624,658,19483,3996,33727,5323,114,188137
"광명시","남자",123871,4024,1879,12275,422,7219,1584,19051,899,47,89871
"광명시","여자",133372,4767,667,9349,236,12264,2412,14676,4424,67,98266
"평택시","계",336472,11274,4037,26604,767,20624,4583,46677,6686,148,246724
"평택시","남자",169589,5703,3134,17053,540,8107,1962,28003,1471,91,121154
"평택시","여자",166883,5571,903,9551,227,12517,2621,18674,5215,57,125570
"동두천시","계",73846,2902,685,4814,167,4275,878,9908,1222,40,55077
"동두천시","남자",35940,1480,452,3040,117,1592,405,5757,299,8,26087
"동두천시","여자",37906,1422,233,1774,50,2683,473,4151,923,32,28990
"안산시","계",531530,14780,4946,45925,1136,39635,6352,72750,9295,291,385343
"안산시","남자",266297,6842,3591,27512,776,15756,2617,41505,1556,125,190984
"안산시","여자",265233,7938,1355,18413,360,23879,3735,31245,7739,166,194359
"상록구","계",287875,7995,2550,23961,580,21631,3077,36740,4915,234,212632
"상록구","남자",142968,3695,1931,14566,375,8678,1231,20892,776,82,104344
"상록구","여자",144907,4300,619,9395,205,12953,1846,15848,4139,152,108288
"단원구","계",243655,6785,2396,21964,556,18004,3275,36010,4380,57,172711
"단원구","남자",123329,3147,1660,12946,401,7078,1386,20613,780,43,86640
"단원구","여자",120326,3638,736,9018,155,10926,1889,15397,3600,14,86071
"고양시","계",755242,28173,8775,75680,2037,68242,12264,107427,19484,352,526700
"고양시","남자",359079,12799,6278,43716,1343,25598,4966,62088,3385,180,245572
"고양시","여자",396163,15374,2497,31964,694,42644,7298,45339,16099,172,281128
"덕양구","계",328951,11244,3209,29433,952,26958,5005,42516,7024,209,237036
"덕양구","남자",158644,5131,2239,17247,571,10287,2040,24730,1191,116,112310
"덕양구","여자",170307,6113,970,12186,381,16671,2965,17786,5833,93,124726
"일산동구","계",213029,8931,2712,23823,543,20589,3382,32843,5856,107,143885
"일산동구","남자",100251,4083,1995,13919,399,7801,1403,19085,1104,34,65674
"일산동구","여자",112778,4848,717,9904,144,12788,1979,13758,4752,73,78211
"일산서구","계",213262,7998,2854,22424,542,20695,3877,32068,6604,36,145779
"일산서구","남자",100184,3585,2044,12550,373,7510,1523,18273,1090,30,67588
"일산서구","여자",113078,4413,810,9874,169,13185,2354,13795,5514,6,78191
"과천시","계",50126,3322,910,7840,297,7335,1383,9351,2022,40,29093
"과천시","남자",23449,1435,576,4086,161,2683,511,5332,416,30,13493
"과천시","여자",26677,1887,334,3754,136,4652,872,4019,1606,10,15600
"구리시","계",138840,4613,1414,12435,360,9628,1912,19350,3226,36,100192
"구리시","남자",66848,2074,941,6905,238,3683,723,10758,628,24,47871
"구리시","여자",71992,2539,473,5530,122,5945,1189,8592,2598,12,52321
"남양주시","계",472073,15499,4587,45480,976,40004,8871,68919,11195,253,329584
"남양주시","남자",229624,7636,3310,26756,624,16037,3784,39771,2111,151,156737
"남양주시","여자",242449,7863,1277,18724,352,23967,5087,29148,9084,102,172847
"오산시","계",151712,4786,1330,14092,303,8906,2235,17711,2784,72,112558
"오산시","남자",76540,2279,908,8556,227,3624,917,10410,616,39,55922
"오산시","여자",75172,2507,422,5536,76,5282,1318,7301,2168,33,56636
"시흥시","계",297432,8352,2409,23329,715,17122,4653,34133,5474,333,225711
"시흥시","남자",154567,3747,1603,14426,450,6878,1984,20314,841,190,116719
"시흥시","여자",142865,4605,806,8903,265,10244,2669,13819,4633,143,108992
"군포시","계",214851,7627,2520,23409,601,18218,3302,33597,5189,194,146828
"군포시","남자",103751,3423,1712,13089,407,6756,1308,19217,973,72,69947
"군포시","여자",111100,4204,808,10320,194,11462,1994,14380,4216,122,76881
"의왕시","계",119601,4801,1311,13696,387,11364,2355,18597,3191,139,80676
"의왕시","남자",58500,2226,920,7711,251,4433,945,10998,633,77,38878
"의왕시","여자",61101,2575,391,5985,136,6931,1410,7599,2558,62,41798
"하남시","계",120889,4199,1280,13006,355,10482,2187,19735,2751,52,82591
"하남시","남자",59620,2045,926,7655,256,4161,990,11348,571,24,39951
"하남시","여자",61269,2154,354,5351,99,6321,1197,8387,2180,28,42640
"용인시","계",713652,29947,8829,83535,1669,80569,15901,120370,22231,322,460559
"용인시","남자",346948,14930,6446,47952,1187,31794,6466,70261,3999,199,219456
"용인시","여자",366704,15017,2383,35583,482,48775,9435,50109,18232,123,241103
"처인구","계",171757,6581,1749,15099,405,12901,3177,26052,3443,97,121172
"처인구","남자",86814,3459,1228,9158,266,5407,1526,15771,746,62,59524
"처인구","여자",84943,3122,521,5941,139,7494,1651,10281,2697,35,61648
"기흥구","계",297274,12604,3474,34017,714,35547,6771,47246,9311,126,192365
"기흥구","남자",143962,6171,2498,19703,537,14522,2673,27404,1602,68,91442
"기흥구","여자",153312,6433,976,14314,177,21025,4098,19842,7709,58,100923
"수지구","계",244621,10762,3606,34419,550,32121,5953,47072,9477,99,147022
"수지구","남자",116172,5300,2720,19091,384,11865,2267,27086,1651,69,68490
"수지구","여자",128449,5462,886,15328,166,20256,3686,19986,7826,30,78532
"파주시","계",306936,10407,3059,26325,815,22603,5170,46077,6724,46,217333
"파주시","남자",152551,5167,2260,16001,594,8975,2315,26629,1267,20,105635
"파주시","여자",154385,5240,799,10324,221,13628,2855,19448,5457,26,111698
"이천시","계",153959,6253,2463,13118,326,10442,3422,27977,3067,69,106073
"이천시","남자",75857,3264,1709,8209,216,4138,1616,16734,905,40,50004
"이천시","여자",78102,2989,754,4909,110,6304,1806,11243,2162,29,56069
"안성시","계",144519,5558,1978,12535,485,10227,3068,26503,3315,93,98976
"안성시","남자",72822,2966,1485,7732,322,4226,1524,16136,961,47,47795
"안성시","여자",71697,2592,493,4803,163,6001,1544,10367,2354,46,51181
"김포시","계",253268,8422,2984,24090,636,21829,5066,38114,6638,35,175551
"김포시","남자",124587,4029,2155,14414,444,8559,2374,22699,1186,13,84561
"김포시","여자",128681,4393,829,9676,192,13270,2692,15415,5452,22,90990
"화성시","계",420431,17210,5771,44593,1147,31471,9729,62697,11829,276,291054
"화성시","남자",216037,8692,4460,26977,714,12545,4177,38138,2200,127,147241
"화성시","여자",204394,8518,1311,17616,433,18926,5552,24559,9629,149,143813
"광주시","계",233659,7387,1894,20998,575,17957,3819,32550,4240,70,167817
"광주시","남자",118581,3615,1369,12878,360,7463,1730,19034,1000,44,83606
"광주시","여자",115078,3772,525,8120,215,10494,2089,13516,3240,26,84211
"양주시","계",151681,5253,1525,11877,382,9970,2795,20475,3233,110,111003
"양주시","남자",75656,2426,1022,6917,267,4232,1154,11911,802,53,54525
"양주시","여자",76025,2827,503,4960,115,5738,1641,8564,2431,57,56478
"포천시","계",120813,4419,1157,8675,224,5931,2038,21762,1791,60,85489
"포천시","남자",62046,2300,834,5632,157,2625,1005,13045,401,38,42345
"포천시","여자",58767,2119,323,3043,67,3306,1033,8717,1390,22,43144
"여주시","계",84553,3613,1469,7243,211,5586,2972,15276,1556,23,57841
"여주시","남자",41702,1865,1113,4508,157,2157,1487,9482,451,19,26979
"여주시","여자",42851,1748,356,2735,54,3429,1485,5794,1105,4,30862
"연천군","계",35162,1934,437,2798,153,3330,1059,6933,699,,22332
"연천군","남자",17804,923,304,1738,85,1334,452,4247,225,,11011
"연천군","여자",17358,1011,133,1060,68,1996,607,2686,474,,11321
"가평군","계",47396,2136,705,4468,131,3578,1211,10274,798,4,30742
"가평군","남자",23636,1262,576,2660,101,1515,543,6078,248,,14548
"가평군","여자",23760,874,129,1808,30,2063,668,4196,550,4,16194
"양평군","계",81987,4554,1368,8586,273,7090,3737,17894,2040,58,50270
"양평군","남자",40265,2467,911,5082,198,2998,1808,10688,680,28,23198
"양평군","여자",41722,2087,457,3504,75,4092,1929,7206,1360,30,27072
"강원도","계",1195229,66125,18188,109905,4008,78225,22951,232792,27136,426,798222
"강원도","남자",588573,34659,12877,67061,2832,31162,10782,136941,7488,219,375593
"강원도","여자",606656,31466,5311,42844,1176,47063,12169,95851,19648,207,422629
"동부","계",707924,35887,10825,71647,2394,46331,10862,133602,18093,271,475440
"동부","남자",342340,18075,7743,42607,1616,17692,4701,77468,4768,155,220510
"동부","여자",365584,17812,3082,29040,778,28639,6161,56134,13325,116,254930
"읍부","계",208078,13566,3487,18641,692,13418,3566,41428,4147,67,138056
"읍부","남자",104526,7375,2334,11907,525,5510,1679,24541,1149,18,66080
"읍부","여자",103552,6191,1153,6734,167,7908,1887,16887,2998,49,71976
"면부","계",279227,16672,3876,19617,922,18476,8523,57762,4896,88,184726
"면부","남자",141707,9209,2800,12547,691,7960,4402,34932,1571,46,89003
"면부","여자",137520,7463,1076,7070,231,10516,4121,22830,3325,42,95723
"춘천시","계",217549,10995,3050,23679,929,17212,3072,40349,5332,118,143662
"춘천시","남자",103797,5506,2011,14311,614,6550,1265,23334,1481,73,65390
"춘천시","여자",113752,5489,1039,9368,315,10662,1807,17015,3851,45,78272
"원주시","계",252685,11784,3017,23377,795,18073,4037,41611,6236,85,175612
"원주시","남자",122822,6122,2188,13889,541,6927,1940,24565,1631,45,82402
"원주시","여자",129863,5662,829,9488,254,11146,2097,17046,4605,40,93210
"강릉시","계",170888,8108,2791,15676,376,9158,3764,43210,4323,28,106846
"강릉시","남자",83808,4104,1995,9403,228,3517,1634,24233,1135,17,50323
"강릉시","여자",87080,4004,796,6273,148,5641,2130,18977,3188,11,56523
"동해시","계",69914,3522,913,6401,189,3348,1062,11090,1478,28,49953
"동해시","남자",34282,1649,637,3758,133,1284,459,6495,294,18,23812
"동해시","여자",35632,1873,276,2643,56,2064,603,4595,1184,10,26141
"태백시","계",37229,2497,1340,3452,129,2566,790,6256,968,11,24764
"태백시","남자",18549,1360,995,2167,88,1044,429,3747,333,3,11670
"태백시","여자",18680,1137,345,1285,41,1522,361,2509,635,8,13094
"속초시","계",62118,3434,1229,5028,196,3284,864,11850,1396,34,42555
"속초시","남자",29578,1775,902,2983,151,1401,434,7048,396,27,18910
"속초시","여자",32540,1659,327,2045,45,1883,430,4802,1000,7,23645
"삼척시","계",56439,3312,908,5098,270,2275,1384,11561,1094,20,38522
"삼척시","남자",28376,1786,689,3147,219,945,538,6963,281,,18294
"삼척시","여자",28063,1526,219,1951,51,1330,846,4598,813,20,20228
"홍천군","계",53842,2687,706,3866,140,3346,1102,10061,780,24,37285
"홍천군","남자",26757,1406,485,2372,104,1397,609,5968,228,,17639
"홍천군","여자",27085,1281,221,1494,36,1949,493,4093,552,24,19646
"횡성군","계",35208,2124,407,2880,72,2910,895,7287,561,6,23040
"횡성군","남자",17431,1081,297,1717,54,1228,486,4443,182,5,10795
"횡성군","여자",17777,1043,110,1163,18,1682,409,2844,379,1,12245
"영월군","계",30890,2580,508,2916,118,2122,1192,7232,666,12,19054
"영월군","남자",15388,1326,368,1763,87,828,609,4344,188,11,9004
"영월군","여자",15502,1254,140,1153,31,1294,583,2888,478,1,10050
"평창군","계",33760,2767,596,2609,64,2056,1007,6591,656,4,22948
"평창군","남자",17014,1579,388,1713,56,866,494,3996,172,4,11034
"평창군","여자",16746,1188,208,896,8,1190,513,2595,484,,11914
"정선군","계",30944,3082,717,2630,198,2153,761,5888,572,,19963
"정선군","남자",15854,1763,465,1800,170,946,376,3691,203,,9555
"정선군","여자",15090,1319,252,830,28,1207,385,2197,369,,10408
"철원군","계",36109,2272,576,3407,165,2557,845,7512,896,12,23673
"철원군","남자",18814,1354,398,2250,111,1089,404,4602,265,,11767
"철원군","여자",17295,918,178,1157,54,1468,441,2910,631,12,11906
"화천군","계",20169,1426,207,1847,118,1671,360,4059,438,8,12950
"화천군","남자",11137,812,161,1315,84,814,176,2513,117,8,6937
"화천군","여자",9032,614,46,532,34,857,184,1546,321,,6013
"양구군","계",17494,962,326,1789,41,1431,444,3667,355,12,10933
"양구군","남자",9054,498,257,1145,30,611,207,2252,80,,5363
"양구군","여자",8440,464,69,644,11,820,237,1415,275,12,5570
"인제군","계",24618,1430,353,2265,77,1656,566,4649,646,16,16308
"인제군","남자",12975,764,234,1416,53,672,300,2855,215,3,8316
"인제군","여자",11643,666,119,849,24,984,266,1794,431,13,7992
"고성군","계",23597,1391,297,1426,59,1247,269,5315,389,5,15733
"고성군","남자",12220,778,223,1000,45,580,131,3143,146,5,7726
"고성군","여자",11377,613,74,426,14,667,138,2172,243,,8007
"양양군","계",21776,1752,247,1559,72,1160,537,4604,350,3,14421
"양양군","남자",10717,996,184,912,64,463,291,2749,141,,6656
"양양군","여자",11059,756,63,647,8,697,246,1855,209,3,7765
"충청북도","계",1221780,59949,18641,110162,3590,82172,24722,239312,32842,481,818039
"충청북도","남자",603236,30950,13457,66736,2453,31976,11236,142078,7583,226,388065
"충청북도","여자",618544,28999,5184,43426,1137,50196,13486,97234,25259,255,429974
"동부","계",717846,33128,11089,72979,2126,50111,11930,144801,22776,264,472415
"동부","남자",349155,16397,7808,43713,1438,19107,4986,83620,5029,148,221744
"동부","여자",368691,16731,3281,29266,688,31004,6944,61181,17747,116,250671
"읍부","계",231363,12417,3415,21303,706,14430,5076,42070,5933,123,157940
"읍부","남자",116192,6588,2528,13362,472,5632,2313,25895,1306,49,75933
"읍부","여자",115171,5829,887,7941,234,8798,2763,16175,4627,74,82007
"면부","계",272571,14404,4137,15880,758,17631,7716,52441,4133,94,187684
"면부","남자",137889,7965,3121,9661,543,7237,3937,32563,1248,29,90388
"면부","여자",134682,6439,1016,6219,215,10394,3779,19878,2885,65,97296
"충주시","계",165211,8772,2345,15087,513,10246,3568,33107,4133,38,109984
"충주시","남자",81986,4768,1622,9330,328,3985,1623,19633,990,12,52176
"충주시","여자",83225,4004,723,5757,185,6261,1945,13474,3143,26,57808
"제천시","계",107989,6469,1820,11012,384,8913,2398,28909,2367,53,63092
"제천시","남자",53242,3136,1400,6487,324,3487,1126,16583,601,26,29656
"제천시","여자",54747,3333,420,4525,60,5426,1272,12326,1766,27,33436
"청주시","계",625701,26004,9846,61129,1875,44194,10688,116788,20241,246,421614
"청주시","남자",305450,12855,6937,36837,1227,17124,4426,68217,4411,144,199120
"청주시","여자",320251,13149,2909,24292,648,27070,6262,48571,15830,102,222494
"상당구","계",131518,6148,2272,12881,372,10631,2342,30587,4591,34,82518
"상당구","남자",63626,3051,1636,7518,254,4114,1087,17354,1112,29,38496
"상당구","여자",67892,3097,636,5363,118,6517,1255,13233,3479,5,44022
"서원구","계",167326,7150,2257,16022,567,12220,2507,30856,5679,81,113541
"서원구","남자",80559,3475,1621,9353,371,4697,1001,17775,1260,41,53161
"서원구","여자",86767,3675,636,6669,196,7523,1506,13081,4419,40,60380
"흥덕구","계",191379,7544,3268,19362,508,12639,3461,32974,5814,70,130905
"흥덕구","남자",93907,3697,2194,12042,333,4815,1390,19864,1175,31,61845
"흥덕구","여자",97472,3847,1074,7320,175,7824,2071,13110,4639,39,69060
"청원구","계",135478,5162,2049,12864,428,8704,2378,22371,4157,61,94650
"청원구","남자",67358,2632,1486,7924,269,3498,948,13224,864,43,45618
"청원구","여자",68120,2530,563,4940,159,5206,1430,9147,3293,18,49032
"보은군","계",27672,2027,388,1580,51,1299,742,5154,452,1,19379
"보은군","남자",13297,1176,296,926,33,527,376,3184,130,,8666
"보은군","여자",14375,851,92,654,18,772,366,1970,322,1,10713
"옥천군","계",41781,1895,501,2839,54,1951,1036,8747,760,7,28445
"옥천군","남자",20457,1069,355,1727,47,793,442,5307,149,7,13062
"옥천군","여자",21324,826,146,1112,7,1158,594,3440,611,,15383
"영동군","계",40893,2975,561,2772,106,2632,1021,6933,878,21,28231
"영동군","남자",19892,1634,460,1657,69,968,522,4360,271,7,13058
"영동군","여자",21001,1341,101,1115,37,1664,499,2573,607,14,15173
"진천군","계",52759,2394,563,3934,143,2655,803,7257,892,56,39464
"진천군","남자",27436,1267,436,2391,98,1052,356,4497,189,7,20000
"진천군","여자",25323,1127,127,1543,45,1603,447,2760,703,49,19464
"괴산군","계",32239,2174,672,2314,132,2137,1019,7494,529,3,20981
"괴산군","남자",16178,1162,520,1380,96,937,562,4651,156,,9714
"괴산군","여자",16061,1012,152,934,36,1200,457,2843,373,3,11267
"음성군","계",75697,3695,1178,4846,165,4452,2064,12621,1228,54,54552
"음성군","남자",39764,2001,870,3118,114,1741,1129,8100,330,22,27729
"음성군","여자",35933,1694,308,1728,51,2711,935,4521,898,32,26823
"단양군","계",24401,1788,383,1709,73,1859,652,7035,565,1,14119
"단양군","남자",11925,990,290,1082,57,648,332,4245,189,1,6352
"단양군","여자",12476,798,93,627,16,1211,320,2790,376,,7767
"증평군","계",27437,1756,384,2940,94,1834,731,5267,797,1,18178
"증평군","남자",13609,892,271,1801,60,714,342,3301,167,,8532
"증평군","여자",13828,864,113,1139,34,1120,389,1966,630,1,9646
"충청남도","계",1608965,72786,24403,133631,4209,105012,34970,313613,33722,611,1085890
"충청남도","남자",802182,38908,18842,81911,2971,41860,15967,189465,9174,345,516559
"충청남도","여자",806783,33878,5561,51720,1238,63152,19003,124148,24548,266,569331
"동부","계",684676,31650,10889,70529,2064,45272,12007,127147,18205,244,461433
"동부","남자",336511,16325,8353,42620,1445,17701,5259,75658,4758,157,217071
"동부","여자",348165,15325,2536,27909,619,27571,6748,51489,13447,87,244362
"읍부","계",369942,16017,5135,30346,856,21958,6642,71315,7368,69,254310
"읍부","남자",185658,8938,3871,18937,603,8641,2924,43038,1989,18,122189
"읍부","여자",184284,7079,1264,11409,253,13317,3718,28277,5379,51,132121
"면부","계",554347,25119,8379,32756,1289,37782,16321,115151,8149,298,370147
"면부","남자",280013,13645,6618,20354,923,15518,7784,70769,2427,170,177299
"면부","여자",274334,11474,1761,12402,366,22264,8537,44382,5722,128,192848
"천안시","계",463185,17968,6761,45648,1300,29062,8020,76199,11213,139,324168
"천안시","남자",231790,9275,5182,27465,860,11558,3693,45500,2602,91,156870
"천안시","여자",231395,8693,1579,18183,440,17504,4327,30699,8611,48,167298
"동남구","계",206903,7142,2691,19332,511,12271,3014,34592,4479,73,145706
"동남구","남자",102933,3804,2044,11615,354,5098,1452,20778,1234,46,69586
"동남구","여자",103970,3338,647,7717,157,7173,1562,13814,3245,27,76120
"서북구","계",256282,10826,4070,26316,789,16791,5006,41607,6734,66,178462
"서북구","남자",128857,5471,3138,15850,506,6460,2241,24722,1368,45,87284
"서북구","여자",127425,5355,932,10466,283,10331,2765,16885,5366,21,91178
"공주시","계",90398,4365,1014,7078,207,6403,1544,17449,1858,16,61428
"공주시","남자",43739,2286,717,4061,145,2581,695,10361,716,10,28233
"공주시","여자",46659,2079,297,3017,62,3822,849,7088,1142,6,33195
"보령시","계",81746,3930,1588,5002,229,6075,1910,18825,1613,38,53049
"보령시","남자",40707,2253,1272,3261,164,2355,918,11248,546,14,24847
"보령시","여자",41039,1677,316,1741,65,3720,992,7577,1067,24,28202
"아산시","계",230415,9666,3132,20507,418,12759,3682,34417,5003,99,163621
"아산시","남자",117808,5014,2422,12817,323,5025,1429,21565,1160,78,81006
"아산시","여자",112607,4652,710,7690,95,7734,2253,12852,3843,21,82615
"서산시","계",127737,6330,2712,11047,373,7987,3344,30564,2707,22,81032
"서산시","남자",64370,3335,2187,7120,307,3124,1394,18552,861,12,38330
"서산시","여자",63367,2995,525,3927,66,4863,1950,12012,1846,10,42702
"논산시","계",97534,4502,1148,6142,178,6772,2120,18211,1419,44,67843
"논산시","남자",47497,2323,917,3810,104,2777,1072,11158,399,26,31214
"논산시","여자",50037,2179,231,2332,74,3995,1048,7053,1020,18,36629
"계룡시","계",27829,1517,385,3600,73,3179,548,4858,953,11,17633
"계룡시","남자",13292,705,229,2121,51,1293,210,2982,183,10,8066
"계룡시","여자",14537,812,156,1479,22,1886,338,1876,770,1,9567
"당진시","계",123475,5526,2424,9560,437,9259,2365,22042,1942,100,84845
"당진시","남자",64348,2974,2110,6220,285,3833,1146,13717,529,52,42515
"당진시","여자",59127,2552,314,3340,152,5426,1219,8325,1413,48,42330
"금산군","계",45448,2276,595,3495,97,2484,1175,7924,830,12,31762
"금산군","남자",22194,1276,491,2127,76,1048,588,4791,278,5,14810
"금산군","여자",23254,1000,104,1368,21,1436,587,3133,552,7,16952
"부여군","계",57805,2801,937,3206,137,4317,2009,16055,1039,40,34920
"부여군","남자",27663,1495,676,1969,88,1682,835,9360,300,13,15534
"부여군","여자",30142,1306,261,1237,49,2635,1174,6695,739,27,19386
"서천군","계",45852,2097,555,2992,136,3604,1361,10770,686,38,29572
"서천군","남자",22086,1254,433,1815,113,1433,674,6352,200,14,13301
"서천군","여자",23766,843,122,1177,23,2171,687,4418,486,24,16271
"청양군","계",26970,2255,367,1767,60,1286,1309,7053,530,2,16497
"청양군","남자",13182,1201,221,1083,48,557,638,4453,193,1,7210
"청양군","여자",13788,1054,146,684,12,729,671,2600,337,1,9287
"홍성군","계",74179,3745,1379,6140,204,4227,1751,18884,1749,19,46502
"홍성군","남자",36299,2052,968,3613,134,1659,790,11477,510,11,21085
"홍성군","여자",37880,1693,411,2527,70,2568,961,7407,1239,8,25417
"예산군","계",67305,3025,837,4514,180,4365,2111,16706,1301,29,43137
"예산군","남자",33026,1783,609,2705,140,1623,1102,10061,392,7,19666
"예산군","여자",34279,1242,228,1809,40,2742,1009,6645,909,22,23471
"태안군","계",49087,2783,569,2933,180,3233,1721,13656,879,2,29881
"태안군","남자",24181,1682,408,1724,133,1312,783,7888,305,1,13872
"태안군","여자",24906,1101,161,1209,47,1921,938,5768,574,1,16009
"전라북도","계",1428139,61601,24154,119130,5317,123238,26268,275987,30875,516,953165
"전라북도","남자",692771,33415,17459,72919,3903,48971,12714,162514,8909,286,440865
"전라북도","여자",735368,28186,6695,46211,1414,74267,13554,113473,21966,230,512300
"동부","계",979164,41327,17027,91813,3500,88862,13720,181169,23427,318,652551
"동부","남자",476232,21744,12211,56631,2524,35329,6086,104911,6447,178,305734
"동부","여자",502932,19583,4816,35182,976,53533,7634,76258,16980,140,346817
"읍부","계",119360,6119,2000,10292,472,9556,2810,23893,2480,72,78776
"읍부","남자",58011,3304,1446,6141,333,3698,1370,14462,708,44,36159
"읍부","여자",61349,2815,554,4151,139,5858,1440,9431,1772,28,42617
"면부","계",329615,14155,5127,17025,1345,24820,9738,70925,4968,126,221838
"면부","남자",158528,8367,3802,10147,1046,9944,5258,43141,1754,64,98972
"면부","여자",171087,5788,1325,6878,299,14876,4480,27784,3214,62,122866
"전주시","계",497573,21992,8991,50776,1854,49130,7670,98490,12825,127,321990
"전주시","남자",239647,11339,6246,31163,1337,19306,3305,56562,3771,85,149216
"전주시","여자",257926,10653,2745,19613,517,29824,4365,41928,9054,42,172774
"완산구","계",278129,13040,5595,29777,1193,29878,4541,62208,7944,55,171768
"완산구","남자",132475,6794,3837,18245,868,11780,2005,35171,2443,35,78026
"완산구","여자",145654,6246,1758,11532,325,18098,2536,27037,5501,20,93742
"덕진구","계",219444,8952,3396,20999,661,19252,3129,36282,4881,72,150222
"덕진구","남자",107172,4545,2409,12918,469,7526,1300,21391,1328,50,71190
"덕진구","여자",112272,4407,987,8081,192,11726,1829,14891,3553,22,79032
"군산시","계",209434,6396,4028,15783,569,17167,2961,36193,4609,70,143911
"군산시","남자",105084,3361,3200,9796,400,6886,1372,21799,1151,26,69780
"군산시","여자",104350,3035,828,5987,169,10281,1589,14394,3458,44,74131
"익산시","계",232960,8956,2732,18819,817,20686,2984,35149,4210,149,165015
"익산시","남자",113706,4839,1958,11843,608,8496,1499,20636,1033,81,77746
"익산시","여자",119254,4117,774,6976,209,12190,1485,14513,3177,68,87269
"정읍시","계",88427,4002,1497,6181,420,6435,2130,18921,1890,23,59407
"정읍시","남자",42597,2383,1086,3760,311,2667,1074,11381,638,11,26741
"정읍시","여자",45830,1619,411,2421,109,3768,1056,7540,1252,12,32666
"남원시","계",65030,3525,1266,4586,209,4914,1528,14788,1274,22,42168
"남원시","남자",30716,2123,899,2674,170,1893,815,8452,395,7,18717
"남원시","여자",34314,1402,367,1912,39,3021,713,6336,879,15,23451
"김제시","계",69547,3044,1180,4552,254,6366,1372,12502,966,14,47474
"김제시","남자",33408,1648,800,2754,191,2514,684,7476,256,14,21687
"김제시","여자",36139,1396,380,1798,63,3852,688,5026,710,,25787
"완주군","계",73525,2663,973,5086,311,5785,1387,14174,1333,16,49876
"완주군","남자",36743,1421,770,2983,239,2382,627,8723,378,8,23606
"완주군","여자",36782,1242,203,2103,72,3403,760,5451,955,8,26270
"진안군","계",19391,1309,269,1246,80,1538,521,4572,342,11,12386
"진안군","남자",9170,779,175,703,58,631,305,2748,117,3,5294
"진안군","여자",10221,530,94,543,22,907,216,1824,225,8,7092
"무주군","계",19833,1016,539,1352,91,1197,666,3814,316,9,13751
"무주군","남자",9497,561,433,852,54,420,341,2465,105,7,5990
"무주군","여자",10336,455,106,500,37,777,325,1349,211,2,7761
"장수군","계",18007,1096,366,1005,132,1250,357,4665,294,18,11318
"장수군","남자",8585,595,289,606,109,508,205,2798,116,8,4821
"장수군","여자",9422,501,77,399,23,742,152,1867,178,10,6497
"임실군","계",22397,1299,433,1239,109,2005,897,4748,460,,14725
"임실군","남자",10691,769,298,767,77,797,485,2907,150,,6516
"임실군","여자",11706,530,135,472,32,1208,412,1841,310,,8209
"순창군","계",22583,1689,475,1595,80,1124,743,4375,530,9,15489
"순창군","남자",10468,948,331,918,46,395,365,2644,177,2,6655
"순창군","여자",12115,741,144,677,34,729,378,1731,353,7,8834
"고창군","계",46007,2310,745,3338,152,2486,1362,11724,942,20,29653
"고창군","남자",21712,1331,517,1999,128,986,723,7000,324,18,12674
"고창군","여자",24295,979,228,1339,24,1500,639,4724,618,2,16979
"부안군","계",43425,2304,660,3572,239,3155,1690,11872,884,28,26002
"부안군","남자",20747,1318,457,2101,175,1090,914,6923,298,16,11422
"부안군","여자",22678,986,203,1471,64,2065,776,4949,586,12,14580
"전라남도","계",1410377,78587,24049,105242,5117,104306,31633,265210,27227,280,953652
"전라남도","남자",684928,44383,18368,65896,3857,41820,15313,160909,7764,144,435701
"전라남도","여자",725449,34204,5681,39346,1260,62486,16320,104301,19463,136,517951
"동부","계",586456,33659,10661,53296,1912,45739,8736,103689,13414,110,396594
"동부","남자",289057,18794,8350,32979,1411,18134,3918,61714,3380,63,187392
"동부","여자",297399,14865,2311,20317,501,27605,4818,41975,10034,47,209202
"읍부","계",326315,21196,6016,28150,1402,23643,7452,67779,6589,50,212261
"읍부","남자",158809,11705,4305,18218,1068,9236,3612,41389,1990,21,95936
"읍부","여자",167506,9491,1711,9932,334,14407,3840,26390,4599,29,116325
"면부","계",497606,23732,7372,23796,1803,34924,15445,93742,7224,120,344797
"면부","남자",237062,13884,5713,14699,1378,14450,7783,57806,2394,60,152373
"면부","여자",260544,9848,1659,9097,425,20474,7662,35936,4830,60,192424
"목포시","계",180133,6134,2322,11843,519,11881,1770,27880,3282,72,131643
"목포시","남자",88135,3365,1657,7353,421,4733,863,16568,937,40,62206
"목포시","여자",91998,2769,665,4490,98,7148,907,11312,2345,32,69437
"여수시","계",212239,10126,4613,18140,577,17724,3900,37868,4320,16,142403
"여수시","남자",105467,5568,3901,11615,397,7158,1764,22338,1089,16,67741
"여수시","여자",106772,4558,712,6525,180,10566,2136,15530,3231,,74662
"순천시","계",199536,11419,3479,17401,646,16375,3172,35204,5150,4,134640
"순천시","남자",96180,6279,2553,10293,453,6573,1502,20789,1277,4,62236
"순천시","여자",103356,5140,926,7108,193,9802,1670,14415,3873,,72404
"나주시","계",74322,3660,1225,5342,405,4960,1654,14239,1206,20,50887
"나주시","남자",36181,2041,946,3254,288,2110,885,8818,382,6,22992
"나주시","여자",38141,1619,279,2088,117,2850,769,5421,824,14,27895
"광양시","계",106897,11100,1886,12954,409,7725,3090,22358,2964,7,66138
"광양시","남자",53784,6765,1480,8241,319,2885,1265,13687,605,1,31281
"광양시","여자",53113,4335,406,4713,90,4840,1825,8671,2359,6,34857
"담양군","계",35720,1826,738,2525,177,2447,1027,10293,621,13,21378
"담양군","남자",17015,965,524,1627,133,1048,499,5958,157,13,9204
"담양군","여자",18705,861,214,898,44,1399,528,4335,464,,12174
"곡성군","계",24068,1518,367,1658,86,1657,1542,5305,379,9,15077
"곡성군","남자",11121,846,287,987,70,649,719,3199,123,3,6331
"곡성군","여자",12947,672,80,671,16,1008,823,2106,256,6,8746
"구례군","계",20896,1167,388,1309,74,1163,665,4878,266,7,13703
"구례군","남자",9743,603,291,835,62,458,320,2865,70,2,5881
"구례군","여자",11153,564,97,474,12,705,345,2013,196,5,7822
"고흥군","계",54142,2745,637,2346,132,3308,1123,10124,609,3,38044
"고흥군","남자",25370,1712,462,1507,113,1320,576,6247,239,,16291
"고흥군","여자",28772,1033,175,839,19,1988,547,3877,370,3,21753
"보성군","계",34475,2725,691,2126,175,3530,987,9907,591,2,19560
"보성군","남자",16196,1475,507,1364,130,1370,503,5968,220,,8126
"보성군","여자",18279,1250,184,762,45,2160,484,3939,371,2,11434
"화순군","계",48551,2123,635,3110,173,2989,908,8085,775,11,34478
"화순군","남자",22723,1077,451,1928,136,1184,378,5042,220,,15067
"화순군","여자",25828,1046,184,1182,37,1805,530,3043,555,11,19411
"장흥군","계",30866,2198,568,1949,159,2295,1177,7124,692,2,19664
"장흥군","남자",14482,1382,397,1280,117,907,610,4437,271,,8157
"장흥군","여자",16384,816,171,669,42,1388,567,2687,421,2,11507
"강진군","계",28892,2069,546,1913,82,1781,980,5994,451,1,19185
"강진군","남자",13270,1237,409,1237,64,662,520,3671,174,,7872
"강진군","여자",15622,832,137,676,18,1119,460,2323,277,1,11313
"해남군","계",56519,2687,1312,3269,157,3859,2696,9940,853,25,38447
"해남군","남자",26811,1607,1046,2231,137,1571,1360,6104,274,19,16777
"해남군","여자",29708,1080,266,1038,20,2288,1336,3836,579,6,21670
"영암군","계",45338,2387,574,3027,142,2883,972,6078,659,11,33402
"영암군","남자",23052,1373,432,1855,123,1130,466,4082,222,1,16243
"영암군","여자",22286,1014,142,1172,19,1753,506,1996,437,10,17159
"무안군","계",60637,3320,1057,5294,462,5401,1253,12209,1537,25,39229
"무안군","남자",29728,1718,744,3305,304,2166,596,7428,462,12,18046
"무안군","여자",30909,1602,313,1989,158,3235,657,4781,1075,13,21183
"함평군","계",26289,1866,354,1571,114,2440,675,5126,363,17,17389
"함평군","남자",12433,1037,258,939,94,946,330,3114,143,6,7703
"함평군","여자",13856,829,96,632,20,1494,345,2012,220,11,9686
"영광군","계",41425,2630,858,2633,155,2967,964,9065,573,14,27290
"영광군","남자",20039,1478,645,1670,137,1246,469,5643,208,8,12153
"영광군","여자",21386,1152,213,963,18,1721,495,3422,365,6,15137
"장성군","계",33530,1560,522,2445,90,2491,1386,7285,436,8,22200
"장성군","남자",16058,875,399,1450,56,1025,722,4339,117,8,9905
"장성군","여자",17472,685,123,995,34,1466,664,2946,319,,12295
"완도군","계",40090,1874,521,1850,150,2215,434,5653,678,6,30255
"완도군","남자",19677,1019,407,1155,117,911,241,3711,253,2,14030
"완도군","여자",20413,855,114,695,33,1304,193,1942,425,4,16225
"진도군","계",24271,1986,384,1377,97,1306,447,5032,298,4,16795
"진도군","남자",11536,1218,288,961,72,543,254,3158,104,1,7108
"진도군","여자",12735,768,96,416,25,763,193,1874,194,3,9687
"신안군","계",31541,1467,372,1160,136,2909,811,5563,524,3,21845
"신안군","남자",15927,743,284,809,114,1225,471,3743,217,2,10351
"신안군","여자",15614,724,88,351,22,1684,340,1820,307,1,11494
"경상북도","계",2112320,109212,29504,170543,7322,124897,47203,384958,41439,653,1463555
"경상북도","남자",1031560,58470,22521,103740,5238,50152,19828,229190,10503,307,680935
"경상북도","여자",1080760,50742,6983,66803,2084,74745,27375,155768,30936,346,782620
"동부","계",1094046,58951,16024,107659,3719,69525,21190,200633,26521,320,742273
"동부","남자",535553,31016,12170,65367,2591,26867,7891,117201,6391,155,349117
"동부","여자",558493,27935,3854,42292,1128,42658,13299,83432,20130,165,393156
"읍부","계",465838,23083,6122,36968,1542,24907,10359,81194,8181,177,329139
"읍부","남자",229637,12001,4627,22883,1114,10289,4217,48579,1865,75,155336
"읍부","여자",236201,11082,1495,14085,428,14618,6142,32615,6316,102,173803
"면부","계",552436,27178,7358,25916,2061,30465,15654,103131,6737,156,392143
"면부","남자",266370,15453,5724,15490,1533,12996,7720,63410,2247,77,176482
"면부","여자",286066,11725,1634,10426,528,17469,7934,39721,4490,79,215661
"포항시","계",398591,25871,6401,38332,1373,29398,10153,79626,9803,190,259935
"포항시","남자",196341,14480,5141,23977,997,11586,3755,46809,2095,95,122038
"포항시","여자",202250,11391,1260,14355,376,17812,6398,32817,7708,95,137897
"남구","계",190009,13301,2993,18183,616,12262,4707,37207,4254,78,125603
"남구","남자",95907,7528,2443,11499,461,4801,1681,22335,798,33,60716
"남구","여자",94102,5773,550,6684,155,7461,3026,14872,3456,45,64887
"북구","계",208582,12570,3408,20149,757,17136,5446,42419,5549,112,134332
"북구","남자",100434,6952,2698,12478,536,6785,2074,24474,1297,62,61322
"북구","여자",108148,5618,710,7671,221,10351,3372,17945,4252,50,73010
"경주시","계",203964,9376,3283,15894,655,9414,4044,41306,4006,78,139230
"경주시","남자",99315,5116,2586,9597,494,3808,1708,24296,905,42,64270
"경주시","여자",104649,4260,697,6297,161,5606,2336,17010,3101,36,74960
"김천시","계",110085,5116,1543,7963,563,6577,2985,21356,2099,29,76106
"김천시","남자",53253,2614,1237,4714,342,2678,1287,12887,597,8,34731
"김천시","여자",56832,2502,306,3249,221,3899,1698,8469,1502,21,41375
"안동시","계",133921,6740,1869,10450,534,7380,3301,24533,3150,67,93337
"안동시","남자",64331,3563,1291,6210,372,2992,1296,14257,962,20,42800
"안동시","여자",69590,3177,578,4240,162,4388,2005,10276,2188,47,50537
"구미시","계",310005,13498,3922,30553,890,14813,5675,47707,6476,52,222032
"구미시","남자",155502,6752,2967,18426,625,5783,2233,28636,1364,34,107824
"구미시","여자",154503,6746,955,12127,265,9030,3442,19071,5112,18,114208
"영주시","계",87544,3668,1214,6637,223,4963,1924,15945,1456,21,61770
"영주시","남자",42319,1991,884,4102,139,1985,854,9418,577,8,28303
"영주시","여자",45225,1677,330,2535,84,2978,1070,6527,879,13,33467
"영천시","계",80434,3415,819,4124,263,2956,1177,14613,1143,21,59079
"영천시","남자",39480,1845,635,2539,190,1261,540,8722,285,7,27617
"영천시","여자",40954,1570,184,1585,73,1695,637,5891,858,14,31462
"상주시","계",81594,4840,1368,5939,571,4993,1843,15638,1634,13,55854
"상주시","남자",38608,2477,975,3584,408,1982,896,9468,533,1,24627
"상주시","여자",42986,2363,393,2355,163,3011,947,6170,1101,12,31227
"문경시","계",58644,4171,1080,4643,163,3652,1360,11630,1309,36,39469
"문경시","남자",27541,2169,813,2683,117,1407,582,6943,384,14,17387
"문경시","여자",31103,2002,267,1960,46,2245,778,4687,925,22,22082
"경산시","계",213875,7632,2004,18727,479,16903,3309,33188,3710,10,151135
"경산시","남자",105097,3744,1419,11226,347,6643,1254,19066,760,6,72867
"경산시","여자",108778,3888,585,7501,132,10260,2055,14122,2950,4,78268
"군위군","계",19797,1670,341,1035,116,1285,492,3288,241,7,13727
"군위군","남자",9699,854,274,559,83,561,248,2038,106,2,6354
"군위군","여자",10098,816,67,476,33,724,244,1250,135,5,7373
"의성군","계",45329,2680,526,2532,198,3154,693,8377,583,15,31845
"의성군","남자",21234,1523,416,1516,158,1292,350,5243,193,11,13703
"의성군","여자",24095,1157,110,1016,40,1862,343,3134,390,4,18142
"청송군","계",21701,1640,316,1515,113,2095,1341,4694,440,10,13663
"청송군","남자",10420,923,227,927,94,894,620,2835,158,7,6055
"청송군","여자",11281,717,89,588,19,1201,721,1859,282,3,7608
"영양군","계",14626,953,201,889,74,886,432,2969,258,6,9964
"영양군","남자",6823,523,144,533,46,363,232,1820,93,3,4238
"영양군","여자",7803,430,57,356,28,523,200,1149,165,3,5726
"영덕군","계",31288,1517,557,1423,114,1325,844,6657,397,3,22079
"영덕군","남자",14355,889,399,892,76,589,394,4114,110,3,9095
"영덕군","여자",16933,628,158,531,38,736,450,2543,287,,12984
"청도군","계",35742,1699,289,1981,92,1612,619,7647,456,6,24914
"청도군","남자",16679,977,196,1166,67,660,285,4427,184,,10833
"청도군","여자",19063,722,93,815,25,952,334,3220,272,6,14081
"고령군","계",27491,1604,291,1812,100,1373,724,4200,381,1,20305
"고령군","남자",13450,783,247,1111,76,575,319,2560,88,,9479
"고령군","여자",14041,821,44,701,24,798,405,1640,293,1,10826
"성주군","계",34505,2350,538,1462,131,1715,1334,7047,484,10,24078
"성주군","남자",16891,1369,400,831,98,750,684,4409,158,3,10952
"성주군","여자",17614,981,138,631,33,965,650,2638,326,7,13126
"칠곡군","계",91917,3382,809,6712,237,3838,1306,12256,1226,30,69397
"칠곡군","남자",46522,1751,626,4132,159,1609,475,7193,240,16,34245
"칠곡군","여자",45395,1631,183,2580,78,2229,831,5063,986,14,35152
"예천군","계",36619,2731,576,2582,101,1624,960,8354,715,1,24495
"예천군","남자",17325,1532,440,1523,79,660,502,5255,233,,10436
"예천군","여자",19294,1199,136,1059,22,964,458,3099,482,1,14059
"봉화군","계",27337,1674,638,1461,84,1766,936,5149,395,11,18841
"봉화군","남자",13156,923,475,913,63,717,482,3137,139,7,8490
"봉화군","여자",14181,751,163,548,21,1049,454,2012,256,4,10351
"울진군","계",39902,2273,801,3144,207,2249,1467,7248,843,29,27759
"울진군","남자",19293,1282,644,2063,174,926,683,4668,248,17,12312
"울진군","여자",20609,991,157,1081,33,1323,784,2580,595,12,15447
"울릉군","계",7409,712,118,733,41,926,284,1530,234,7,4541
"울릉군","남자",3926,390,85,516,34,431,149,989,91,3,2279
"울릉군","여자",3483,322,33,217,7,495,135,541,143,4,2262
"경상남도","계",2544794,129611,39269,241707,7934,138972,50782,506477,49755,766,1714030
"경상남도","남자",1252859,63187,29346,146195,5542,53831,21418,292967,12029,343,810695
"경상남도","여자",1291935,66424,9923,95512,2392,85141,29364,213510,37726,423,903335
"동부","계",1645606,80808,24836,171560,4671,92635,27525,323329,34485,504,1103077
"동부","남자",816687,37610,18759,102993,3221,35231,10580,184451,7841,221,532074
"동부","여자",828919,43198,6077,68567,1450,57404,16945,138878,26644,283,571003
"읍부","계",341676,18913,5627,33649,1187,18775,7911,67817,7271,67,228705
"읍부","남자",165945,9440,4037,20794,789,7087,3592,39359,1669,42,105789
"읍부","여자",175731,9473,1590,12855,398,11688,4319,28458,5602,25,122916
"면부","계",557512,29890,8806,36498,2076,27562,15346,115331,7999,195,382248
"면부","남자",270227,16137,6550,22408,1532,11513,7246,69157,2519,80,172832
"면부","여자",287285,13753,2256,14090,544,16049,8100,46174,5480,115,209416
"진주시","계",267991,16892,4869,27031,1291,14645,5155,61532,6669,46,170632
"진주시","남자",129085,8088,3387,16090,850,5322,2062,34901,2083,14,78093
"진주시","여자",138906,8804,1482,10941,441,9323,3093,26631,4586,32,92539
"통영시","계",103876,4056,1297,7562,222,4320,1513,20928,1644,18,72984
"통영시","남자",51544,2106,993,5013,133,1701,598,11675,479,10,34976
"통영시","여자",52332,1950,304,2549,89,2619,915,9253,1165,8,38008
"사천시","계",87251,4939,1434,8224,316,4735,2236,19830,1416,48,56531
"사천시","남자",42586,2631,1089,5187,219,1797,882,11670,335,25,25890
"사천시","여자",44665,2308,345,3037,97,2938,1354,8160,1081,23,30641
"김해시","계",385001,14893,4929,39409,869,23118,6023,67191,8581,159,263655
"김해시","남자",190845,6506,3815,23337,627,9003,2385,38221,1564,55,127822
"김해시","여자",194156,8387,1114,16072,242,14115,3638,28970,7017,104,135833
"밀양시","계",84375,4164,908,5125,211,3994,2744,18514,1147,21,57397
"밀양시","남자",39771,2186,661,3054,167,1654,1205,10746,348,,25339
"밀양시","여자",44604,1978,247,2071,44,2340,1539,7768,799,21,32058
"거제시","계",189321,10023,3126,19435,583,11771,3606,32090,3382,75,130771
"거제시","남자",102109,5387,2474,12567,386,5053,1442,20104,722,29,68644
"거제시","여자",87212,4636,652,6868,197,6718,2164,11986,2660,46,62127
"양산시","계",223144,8271,2271,20731,394,10406,4137,31044,4319,42,162870
"양산시","남자",109469,3735,1765,12487,313,4065,1869,17797,843,23,77881
"양산시","여자",113675,4536,506,8244,81,6341,2268,13247,3476,19,84989
"창원시","계",810651,41607,13128,84016,2264,45160,14305,170962,15970,184,535865
"창원시","남자",401840,19212,9834,50037,1562,17163,5581,96960,3602,108,258173
"창원시","여자",408811,22395,3294,33979,702,27997,8724,74002,12368,76,277692
"의창구","계",195964,9268,2685,20010,501,9146,2737,41012,3390,51,131321
"의창구","남자",97501,4136,2086,12053,351,3589,1051,23431,825,44,63043
"의창구","여자",98463,5132,599,7957,150,5557,1686,17581,2565,7,68278
"성산구","계",174952,10355,4822,26660,584,12225,2942,41074,4550,28,106481
"성산구","남자",88427,4890,3731,15550,408,4570,992,23835,927,,52313
"성산구","여자",86525,5465,1091,11110,176,7655,1950,17239,3623,28,54168
"마산합포구","계",144241,8238,1801,11750,338,8151,3023,31207,2413,24,95615
"마산합포구","남자",70087,3932,1329,6797,231,2972,1352,17355,675,17,45206
"마산합포구","여자",74154,4306,472,4953,107,5179,1671,13852,1738,7,50409
"마산회원구","계",162908,7526,2308,14274,473,7992,3254,33516,3117,59,110889
"마산회원구","남자",80017,3474,1611,8564,322,3153,1325,18752,721,29,52946
"마산회원구","여자",82891,4052,697,5710,151,4839,1929,14764,2396,30,57943
"진해구","계",132586,6220,1512,11322,368,7646,2349,24153,2500,22,91559
"진해구","남자",65808,2780,1077,7073,250,2879,861,13587,454,18,44665
"진해구","여자",66778,3440,435,4249,118,4767,1488,10566,2046,4,46894
"의령군","계",23162,1759,409,1447,125,981,560,4163,257,,16379
"의령군","남자",10776,879,299,911,96,320,283,2616,66,,7045
"의령군","여자",12386,880,110,536,29,661,277,1547,191,,9334
"함안군","계",53085,2461,600,4617,175,2727,1403,10037,903,3,36725
"함안군","남자",26320,1188,431,2984,111,978,687,5973,263,,17269
"함안군","여자",26765,1273,169,1633,64,1749,716,4064,640,3,19456
"창녕군","계",50650,2791,1141,3946,175,2049,1039,10038,631,14,34991
"창녕군","남자",24290,1590,878,2531,115,803,503,6099,152,2,15368
"창녕군","여자",26360,1201,263,1415,60,1246,536,3939,479,12,19623
"고성군","계",43421,2575,619,3006,181,2577,604,8909,666,15,29437
"고성군","남자",21128,1402,490,1865,143,1059,337,5368,190,6,13319
"고성군","여자",22293,1173,129,1141,38,1518,267,3541,476,9,16118
"남해군","계",37335,2406,709,3023,214,1440,1116,9070,661,35,24564
"남해군","남자",17076,1385,478,1843,168,575,533,5322,193,23,10039
"남해군","여자",20259,1021,231,1180,46,865,583,3748,468,12,14525
"하동군","계",37871,3066,1184,2780,284,2746,987,9468,649,19,23987
"하동군","남자",17681,1682,821,1641,219,1082,481,5649,241,14,10135
"하동군","여자",20190,1384,363,1139,65,1664,506,3819,408,5,13852
"산청군","계",28794,2071,377,1828,157,1518,706,5703,539,28,19807
"산청군","남자",13395,1158,274,1115,109,619,335,3593,157,4,8239
"산청군","여자",15399,913,103,713,48,899,371,2110,382,24,11568
"함양군","계",32084,1969,785,2709,86,2189,2059,7598,764,8,19999
"함양군","남자",14840,1081,540,1553,59,805,965,4585,256,2,8426
"함양군","여자",17244,888,245,1156,27,1384,1094,3013,508,6,11573
"거창군","계",48032,3063,853,3906,218,2571,826,11335,889,12,31144
"거창군","남자",22464,1627,613,2212,144,997,414,6724,282,9,13342
"거창군","여자",25568,1436,240,1694,74,1574,412,4611,607,3,17802
"합천군","계",38750,2605,630,2912,169,2025,1763,8065,668,39,26292
"합천군","남자",17640,1344,504,1768,121,835,856,4964,253,19,10695
"합천군","여자",21110,1261,126,1144,48,1190,907,3101,415,20,15597
"제주특별자치도","계",453567,26686,6996,37648,1707,25456,12277,103040,11651,275,296509
"제주특별자치도","남자",220838,13054,4786,23108,1156,10048,6083,57638,3158,113,138510
"제주특별자치도","여자",232729,13632,2210,14540,551,15408,6194,45402,8493,162,157999
"동부","계",327969,18658,5154,30314,1259,18451,8419,71866,8931,204,215722
"동부","남자",158830,8938,3566,18767,850,7155,4221,39728,2319,78,100517
"동부","여자",169139,9720,1588,11547,409,11296,4198,32138,6612,126,115205
"읍부","계",100524,6459,1482,6040,357,5476,3096,25579,2254,56,64241
"읍부","남자",49432,3288,962,3530,240,2231,1466,14500,663,26,30252
"읍부","여자",51092,3171,520,2510,117,3245,1630,11079,1591,30,33989
"면부","계",25074,1569,360,1294,91,1529,762,5595,466,15,16546
"면부","남자",12576,828,258,811,66,662,396,3410,176,9,7741
"면부","여자",12498,741,102,483,25,867,366,2185,290,6,8805
"제주시","계",334694,19186,5031,28878,1229,18548,8578,74741,9324,248,219487
"제주시","남자",162352,9257,3416,17666,829,7160,4178,41425,2451,94,102522
"제주시","여자",172342,9929,1615,11212,400,11388,4400,33316,6873,154,116965
"서귀포시","계",118873,7500,1965,8770,478,6908,3699,28299,2327,27,77022
"서귀포시","남자",58486,3797,1370,5442,327,2888,1905,16213,707,19,35988
"서귀포시","여자",60387,3703,595,3328,151,4020,1794,12086,1620,8,41034
