"행정구역별(시군구)","성별",2015,2015,2015,2015,2015,2015
"행정구역별(시군구)","성별",취업인구(15세 이상)-계,임금 근로자,고용원이 없는 자영업자,고용원이 있는 자영업자,무급 가족 종사자,미상
"전국","계",23870022,17283025,3974218,1580271,1032508,
"전국","남자",14044168,10012005,2712499,1142181,177483,
"전국","여자",9825854,7271020,1261719,438090,855025,
"동부","계",19190834,14704246,2632382,1363687,490519,
"동부","남자",11285631,8453622,1750697,985006,96306,
"동부","여자",7905203,6250624,881685,378681,394213,
"읍부","계",2185330,1470368,451167,120514,143281,
"읍부","남자",1308155,882586,316490,87402,21677,
"읍부","여자",877175,587782,134677,33112,121604,
"면부","계",2493858,1108411,890669,96070,398708,
"면부","남자",1450382,675797,645312,69773,59500,
"면부","여자",1043476,432614,245357,26297,339208,
"서울특별시","계",4704568,3643562,602651,360585,97770,
"서울특별시","남자",2676084,1997273,397116,260127,21568,
"서울특별시","여자",2028484,1646289,205535,100458,76202,
"종로구","계",72265,51281,11760,6552,2672,
"종로구","남자",39675,27029,7442,4644,560,
"종로구","여자",32590,24252,4318,1908,2112,
"중구","계",59861,42245,9914,5241,2461,
"중구","남자",33744,23229,6381,3620,514,
"중구","여자",26117,19016,3533,1621,1947,
"용산구","계",106678,78986,15055,10136,2501,
"용산구","남자",59924,43234,9139,6980,571,
"용산구","여자",46754,35752,5916,3156,1930,
"성동구","계",144719,110087,18389,12048,4195,
"성동구","남자",82253,60690,12010,8522,1031,
"성동구","여자",62466,49397,6379,3526,3164,
"광진구","계",181481,143001,22022,12965,3493,
"광진구","남자",100712,75887,14424,9728,673,
"광진구","여자",80769,67114,7598,3237,2820,
"동대문구","계",167533,123553,26352,12935,4693,
"동대문구","남자",95613,67381,18033,9338,861,
"동대문구","여자",71920,56172,8319,3597,3832,
"중랑구","계",201743,155878,28800,11757,5308,
"중랑구","남자",116003,85758,20539,8530,1176,
"중랑구","여자",85740,70120,8261,3227,4132,
"성북구","계",210715,158584,30424,15544,6163,
"성북구","남자",119363,86254,20515,11363,1231,
"성북구","여자",91352,72330,9909,4181,4932,
"강북구","계",151430,116636,22011,9235,3548,
"강북구","남자",85573,63722,14780,6435,636,
"강북구","여자",65857,52914,7231,2800,2912,
"도봉구","계",158846,120308,24128,11003,3407,
"도봉구","남자",91827,66195,16806,8117,709,
"도봉구","여자",67019,54113,7322,2886,2698,
"노원구","계",252322,199906,31374,16602,4440,
"노원구","남자",145284,111031,21101,12073,1079,
"노원구","여자",107038,88875,10273,4529,3361,
"은평구","계",228374,178481,31114,14549,4230,
"은평구","남자",128894,96932,20755,10311,896,
"은평구","여자",99480,81549,10359,4238,3334,
"서대문구","계",142557,109431,20069,9845,3212,
"서대문구","남자",78875,58323,12952,6925,675,
"서대문구","여자",63682,51108,7117,2920,2537,
"마포구","계",187115,145761,23660,14157,3537,
"마포구","남자",102186,77188,14683,9640,675,
"마포구","여자",84929,68573,8977,4517,2862,
"양천구","계",219117,167839,27978,19016,4284,
"양천구","남자",127733,93228,19056,14462,987,
"양천구","여자",91384,74611,8922,4554,3297,
"강서구","계",280164,224028,34376,17134,4626,
"강서구","남자",159043,123018,23072,11929,1024,
"강서구","여자",121121,101010,11304,5205,3602,
"구로구","계",204936,161713,25002,14093,4128,
"구로구","남자",118886,90456,17001,10538,891,
"구로구","여자",86050,71257,8001,3555,3237,
"금천구","계",119876,95711,14267,7003,2895,
"금천구","남자",69752,54132,9772,5182,666,
"금천구","여자",50124,41579,4495,1821,2229,
"영등포구","계",185518,147161,21339,13481,3537,
"영등포구","남자",107103,82431,14039,9778,855,
"영등포구","여자",78415,64730,7300,3703,2682,
"동작구","계",192677,153992,22200,13124,3361,
"동작구","남자",107798,83661,14346,9032,759,
"동작구","여자",84879,70331,7854,4092,2602,
"관악구","계",258981,211070,30318,13636,3957,
"관악구","남자",145827,115473,20012,9277,1065,
"관악구","여자",113154,95597,10306,4359,2892,
"서초구","계",196572,148079,20444,25016,3033,
"서초구","남자",113233,81771,12287,18521,654,
"서초구","여자",83339,66308,8157,6495,2379,
"강남구","계",255532,192084,27503,32244,3701,
"강남구","남자",144738,104459,15740,23691,848,
"강남구","여자",110794,87625,11763,8553,2853,
"송파구","계",307353,238288,35165,28338,5562,
"송파구","남자",176688,131847,22615,20760,1466,
"송파구","여자",130665,106441,12550,7578,4096,
"강동구","계",218203,169459,28987,14931,4826,
"강동구","남자",125357,93944,19616,10731,1066,
"강동구","여자",92846,75515,9371,4200,3760,
"부산광역시","계",1525412,1145384,222655,110742,46631,
"부산광역시","남자",893610,655835,148017,81858,7900,
"부산광역시","여자",631802,489549,74638,28884,38731,
"동부","계",1461139,1098221,211973,106820,44125,
"동부","남자",854391,626474,141262,79113,7542,
"동부","여자",606748,471747,70711,27707,36583,
"읍부","계",56815,42778,8588,3413,2036,
"읍부","남자",34884,26788,5376,2402,318,
"읍부","여자",21931,15990,3212,1011,1718,
"면부","계",7458,4385,2094,509,470,
"면부","남자",4335,2573,1379,343,40,
"면부","여자",3123,1812,715,166,430,
"중구","계",20930,14284,3987,1591,1068,
"중구","남자",11550,7940,2437,991,182,
"중구","여자",9380,6344,1550,600,886,
"서구","계",47905,35156,7599,3504,1646,
"서구","남자",27093,19556,4795,2479,263,
"서구","여자",20812,15600,2804,1025,1383,
"동구","계",38928,28452,6812,2100,1564,
"동구","남자",22402,16256,4485,1424,237,
"동구","여자",16526,12196,2327,676,1327,
"영도구","계",52186,39336,8047,3023,1780,
"영도구","남자",30923,23077,5303,2145,398,
"영도구","여자",21263,16259,2744,878,1382,
"부산진구","계",170817,128377,25422,11830,5188,
"부산진구","남자",97868,71125,17010,8860,873,
"부산진구","여자",72949,57252,8412,2970,4315,
"동래구","계",120030,89532,17896,9204,3398,
"동래구","남자",69805,50539,11770,6856,640,
"동래구","여자",50225,38993,6126,2348,2758,
"남구","계",120456,89909,18217,8955,3375,
"남구","남자",70576,51158,12236,6649,533,
"남구","여자",49880,38751,5981,2306,2842,
"북구","계",131488,101324,17615,9080,3469,
"북구","남자",78337,58752,12177,6875,533,
"북구","여자",53151,42572,5438,2205,2936,
"해운대구","계",178412,133624,24416,16333,4039,
"해운대구","남자",104821,76221,15738,12147,715,
"해운대구","여자",73591,57403,8678,4186,3324,
"사하구","계",152160,118161,20678,9206,4115,
"사하구","남자",90345,69016,13704,6824,801,
"사하구","여자",61815,49145,6974,2382,3314,
"금정구","계",105469,79630,14856,8143,2840,
"금정구","남자",60947,44558,10031,5911,447,
"금정구","여자",44522,35072,4825,2232,2393,
"강서구","계",42763,27978,7724,3738,3323,
"강서구","남자",26899,18024,5619,2837,419,
"강서구","여자",15864,9954,2105,901,2904,
"연제구","계",91334,69591,12297,7037,2409,
"연제구","남자",52504,38733,8062,5265,444,
"연제구","여자",38830,30858,4235,1772,1965,
"수영구","계",78636,58176,11945,6231,2284,
"수영구","남자",44572,31992,7585,4523,472,
"수영구","여자",34064,26184,4360,1708,1812,
"사상구","계",109625,84691,14462,6845,3627,
"사상구","남자",65749,49527,10310,5327,585,
"사상구","여자",43876,35164,4152,1518,3042,
"기장군","계",64273,47163,10682,3922,2506,
"기장군","남자",39219,29361,6755,2745,358,
"기장군","여자",25054,17802,3927,1177,2148,
"대구광역시","계",1081625,785658,175161,85928,34878,
"대구광역시","남자",638873,445750,121568,65482,6073,
"대구광역시","여자",442752,339908,53593,20446,28805,
"동부","계",994187,723260,159442,80707,30778,
"동부","남자",585444,408497,110012,61454,5481,
"동부","여자",408743,314763,49430,19253,25297,
"읍부","계",62739,46731,9973,4095,1940,
"읍부","남자",38451,27740,7275,3162,274,
"읍부","여자",24288,18991,2698,933,1666,
"면부","계",24699,15667,5746,1126,2160,
"면부","남자",14978,9513,4281,866,318,
"면부","여자",9721,6154,1465,260,1842,
"중구","계",35942,24444,6618,3176,1704,
"중구","남자",19969,13124,4251,2263,331,
"중구","여자",15973,11320,2367,913,1373,
"동구","계",147807,108364,25370,9410,4663,
"동구","남자",87618,62306,17539,6928,845,
"동구","여자",60189,46058,7831,2482,3818,
"서구","계",92567,68827,15781,4838,3121,
"서구","남자",54596,39390,11092,3566,548,
"서구","여자",37971,29437,4689,1272,2573,
"남구","계",67827,49980,11817,4136,1894,
"남구","남자",38697,27363,8054,2976,304,
"남구","여자",29130,22617,3763,1160,1590,
"북구","계",198867,143933,33269,14929,6736,
"북구","남자",118156,81379,24031,11697,1049,
"북구","여자",80711,62554,9238,3232,5687,
"수성구","계",182532,128740,26519,22003,5270,
"수성구","남자",106782,71462,17138,17212,970,
"수성구","여자",75750,57278,9381,4791,4300,
"달서구","계",268645,198972,40068,22215,7390,
"달서구","남자",159626,113473,27907,16812,1434,
"달서구","여자",109019,85499,12161,5403,5956,
"달성군","계",87438,62398,15719,5221,4100,
"달성군","남자",53429,37253,11556,4028,592,
"달성군","여자",34009,25145,4163,1193,3508,
"인천광역시","계",1363924,1054601,187622,89057,32644,
"인천광역시","남자",811084,611998,127234,64530,7322,
"인천광역시","여자",552840,442603,60388,24527,25322,
"동부","계",1319539,1031901,173358,87181,27099,
"동부","남자",785225,598679,117037,63168,6341,
"동부","여자",534314,433222,56321,24013,20758,
"읍부","계",9562,6786,1894,443,439,
"읍부","남자",5488,3729,1322,352,85,
"읍부","여자",4074,3057,572,91,354,
"면부","계",34823,15914,12370,1433,5106,
"면부","남자",20371,9590,8875,1010,896,
"면부","여자",14452,6324,3495,423,4210,
"중구","계",53409,40505,8054,3461,1389,
"중구","남자",32814,24826,5252,2344,392,
"중구","여자",20595,15679,2802,1117,997,
"동구","계",32729,25878,4556,1621,674,
"동구","남자",19452,15188,2980,1147,137,
"동구","여자",13277,10690,1576,474,537,
"남구","계",186612,146363,26601,9675,3973,
"남구","남자",111020,84697,18360,6931,1032,
"남구","여자",75592,61666,8241,2744,2941,
"연수구","계",145270,111792,16722,13616,3140,
"연수구","남자",86807,65121,10694,10248,744,
"연수구","여자",58463,46671,6028,3368,2396,
"남동구","계",248999,195797,31493,16923,4786,
"남동구","남자",147710,113409,21006,12164,1131,
"남동구","여자",101289,82388,10487,4759,3655,
"부평구","계",258191,203463,33524,16099,5105,
"부평구","남자",150869,115921,22302,11505,1141,
"부평구","여자",107322,87542,11222,4594,3964,
"계양구","계",161330,126090,22064,9825,3351,
"계양구","남자",94848,71554,15493,7028,773,
"계양구","여자",66482,54536,6571,2797,2578,
"서구","계",232999,182013,30344,15961,4681,
"서구","남자",141705,107963,20950,11801,991,
"서구","여자",91294,74050,9394,4160,3690,
"강화군","계",32703,14764,11775,1432,4732,
"강화군","남자",18520,8165,8484,1080,791,
"강화군","여자",14183,6599,3291,352,3941,
"옹진군","계",11682,7936,2489,444,813,
"옹진군","남자",7339,5154,1713,282,190,
"옹진군","여자",4343,2782,776,162,623,
"광주광역시","계",649556,485087,98515,47511,18443,
"광주광역시","남자",378690,274179,66900,34382,3229,
"광주광역시","여자",270866,210908,31615,13129,15214,
"동구","계",41737,29235,7891,2903,1708,
"동구","남자",23759,16049,5380,2019,311,
"동구","여자",17978,13186,2511,884,1397,
"서구","계",135160,101067,19105,11726,3262,
"서구","남자",78614,56696,12765,8690,463,
"서구","여자",56546,44371,6340,3036,2799,
"남구","계",94875,69698,15357,6779,3041,
"남구","남자",53236,37728,10138,4786,584,
"남구","여자",41639,31970,5219,1993,2457,
"북구","계",197477,147052,30494,14191,5740,
"북구","남자",115038,82582,20997,10320,1139,
"북구","여자",82439,64470,9497,3871,4601,
"광산구","계",180307,138035,25668,11912,4692,
"광산구","남자",108043,81124,17620,8567,732,
"광산구","여자",72264,56911,8048,3345,3960,
"대전광역시","계",686900,527264,96263,45118,18255,
"대전광역시","남자",403407,304041,63838,31865,3663,
"대전광역시","여자",283493,223223,32425,13253,14592,
"동구","계",105242,78737,17224,5917,3364,
"동구","남자",62419,45642,11981,4134,662,
"동구","여자",42823,33095,5243,1783,2702,
"중구","계",111192,82405,18234,7265,3288,
"중구","남자",64248,45870,12337,5325,716,
"중구","여자",46944,36535,5897,1940,2572,
"서구","계",224234,174365,29546,14597,5726,
"서구","남자",128277,97486,19383,10273,1135,
"서구","여자",95957,76879,10163,4324,4591,
"유성구","계",156596,123745,17269,12107,3475,
"유성구","남자",94716,75144,10394,8398,780,
"유성구","여자",61880,48601,6875,3709,2695,
"대덕구","계",89636,68012,13990,5232,2402,
"대덕구","남자",53747,39899,9743,3735,370,
"대덕구","여자",35889,28113,4247,1497,2032,
"울산광역시","계",544141,434842,66285,30199,12815,
"울산광역시","남자",350844,288362,39838,20299,2345,
"울산광역시","여자",193297,146480,26447,9900,10470,
"동부","계",443112,359885,49530,25147,8550,
"동부","남자",287160,239656,28925,16807,1772,
"동부","여자",155952,120229,20605,8340,6778,
"읍부","계",68746,53409,9741,3514,2082,
"읍부","남자",43924,35072,6131,2436,285,
"읍부","여자",24822,18337,3610,1078,1797,
"면부","계",32283,21548,7014,1538,2183,
"면부","남자",19760,13634,4782,1056,288,
"면부","여자",12523,7914,2232,482,1895,
"중구","계",111022,86510,15251,6811,2450,
"중구","남자",69929,55629,9117,4629,554,
"중구","여자",41093,30881,6134,2182,1896,
"남구","계",160949,126629,19599,11292,3429,
"남구","남자",100374,80603,11411,7714,646,
"남구","여자",60575,46026,8188,3578,2783,
"동구","계",83468,73923,5953,2546,1046,
"동구","남자",58653,53901,3002,1468,282,
"동구","여자",24815,20022,2951,1078,764,
"북구","계",87673,72823,8727,4498,1625,
"북구","남자",58204,49523,5395,2996,290,
"북구","여자",29469,23300,3332,1502,1335,
"울주군","계",101029,74957,16755,5052,4265,
"울주군","남자",63684,48706,10913,3492,573,
"울주군","여자",37345,26251,5842,1560,3692,
"세종특별자치시","계",94092,71083,14016,4619,4374,
"세종특별자치시","남자",56411,43120,9455,3162,674,
"세종특별자치시","여자",37681,27963,4561,1457,3700,
"동부","계",45865,39053,3864,2387,561,
"동부","남자",27468,23546,2180,1618,124,
"동부","여자",18397,15507,1684,769,437,
"읍부","계",21905,16659,3170,1214,862,
"읍부","남자",12907,9796,2136,807,168,
"읍부","여자",8998,6863,1034,407,694,
"면부","계",26322,15371,6982,1018,2951,
"면부","남자",16036,9778,5139,737,382,
"면부","여자",10286,5593,1843,281,2569,
"세종시","계",94092,71083,14016,4619,4374,
"세종시","남자",56411,43120,9455,3162,674,
"세종시","여자",37681,27963,4561,1457,3700,
"경기도","계",5840805,4465775,804104,411549,159377,
"경기도","남자",3501467,2614611,554110,300935,31811,
"경기도","여자",2339338,1851164,249994,110614,127566,
"동부","계",4822366,3764348,608372,347472,102174,
"동부","남자",2874041,2188214,410293,253485,22049,
"동부","여자",1948325,1576134,198079,93987,80125,
"읍부","계",596180,438394,95125,40181,22480,
"읍부","남자",365706,263464,68481,29738,4023,
"읍부","여자",230474,174930,26644,10443,18457,
"면부","계",422259,263033,100607,23896,34723,
"면부","남자",261720,162933,75336,17712,5739,
"면부","여자",160539,100100,25271,6184,28984,
"수원시","계",559300,452006,62461,34284,10549,
"수원시","남자",333239,266059,40620,24030,2530,
"수원시","여자",226061,185947,21841,10254,8019,
"장안구","계",136723,109521,16286,8297,2619,
"장안구","남자",81127,63962,10687,5833,645,
"장안구","여자",55596,45559,5599,2464,1974,
"권선구","계",168189,135175,19901,9760,3353,
"권선구","남자",99845,78474,13712,6834,825,
"권선구","여자",68344,56701,6189,2926,2528,
"팔달구","계",94958,75000,12250,5652,2056,
"팔달구","남자",55467,43260,7826,3892,489,
"팔달구","여자",39491,31740,4424,1760,1567,
"영통구","계",159430,132310,14024,10575,2521,
"영통구","남자",96800,80363,8395,7471,571,
"영통구","여자",62630,51947,5629,3104,1950,
"성남시","계",453340,361494,50149,34178,7519,
"성남시","남자",265370,206187,32366,25038,1779,
"성남시","여자",187970,155307,17783,9140,5740,
"수정구","계",110307,89696,13233,5179,2199,
"수정구","남자",63874,51105,8672,3566,531,
"수정구","여자",46433,38591,4561,1613,1668,
"중원구","계",125765,100810,16198,6393,2364,
"중원구","남자",72239,56163,10994,4532,550,
"중원구","여자",53526,44647,5204,1861,1814,
"분당구","계",217268,170988,20718,22606,2956,
"분당구","남자",129257,98919,12700,16940,698,
"분당구","여자",88011,72069,8018,5666,2258,
"의정부시","계",193795,148836,27335,12995,4629,
"의정부시","남자",113178,83247,19709,9407,815,
"의정부시","여자",80617,65589,7626,3588,3814,
"안양시","계",284434,224600,34182,20474,5178,
"안양시","남자",166540,128672,22143,14408,1317,
"안양시","여자",117894,95928,12039,6066,3861,
"만안구","계",119058,94047,14952,7630,2429,
"만안구","남자",69804,53933,10067,5266,538,
"만안구","여자",49254,40114,4885,2364,1891,
"동안구","계",165376,130553,19230,12844,2749,
"동안구","남자",96736,74739,12076,9142,779,
"동안구","여자",68640,55814,7154,3702,1970,
"부천시","계",411306,319470,53238,29464,9134,
"부천시","남자",238450,177762,36473,22300,1915,
"부천시","여자",172856,141708,16765,7164,7219,
"원미구","계",216372,167747,26573,17423,4629,
"원미구","남자",124564,92554,17758,13259,993,
"원미구","여자",91808,75193,8815,4164,3636,
"소사구","계",106200,83614,13610,6488,2488,
"소사구","남자",61622,46960,9345,4850,467,
"소사구","여자",44578,36654,4265,1638,2021,
"오정구","계",88734,68109,13055,5553,2017,
"오정구","남자",52264,38248,9370,4191,455,
"오정구","여자",36470,29861,3685,1362,1562,
"광명시","계",158096,123586,20952,10506,3052,
"광명시","남자",92966,70452,14153,7592,769,
"광명시","여자",65130,53134,6799,2914,2283,
"평택시","계",215905,165709,31742,11670,6784,
"평택시","남자",134185,102838,22041,8136,1170,
"평택시","여자",81720,62871,9701,3534,5614,
"동두천시","계",42861,32401,6378,2556,1526,
"동두천시","남자",25111,18707,4348,1761,295,
"동두천시","여자",17750,13694,2030,795,1231,
"안산시","계",338478,264004,44203,22485,7786,
"안산시","남자",204957,156053,30623,16611,1670,
"안산시","여자",133521,107951,13580,5874,6116,
"상록구","계",177645,137110,24512,12249,3774,
"상록구","남자",107375,80558,17040,8952,825,
"상록구","여자",70270,56552,7472,3297,2949,
"단원구","계",160833,126894,19691,10236,4012,
"단원구","남자",97582,75495,13583,7659,845,
"단원구","여자",63251,51399,6108,2577,3167,
"고양시","계",456561,343380,63606,39601,9974,
"고양시","남자",268494,194646,42680,29054,2114,
"고양시","여자",188067,148734,20926,10547,7860,
"덕양구","계",198104,151733,27980,14252,4139,
"덕양구","남자",117124,86823,19252,10189,860,
"덕양구","여자",80980,64910,8728,4063,3279,
"일산동구","계",130866,96095,18512,13341,2918,
"일산동구","남자",75717,53007,12094,9960,656,
"일산동구","여자",55149,43088,6418,3381,2262,
"일산서구","계",127591,95552,17114,12008,2917,
"일산서구","남자",75653,54816,11334,8905,598,
"일산서구","여자",51938,40736,5780,3103,2319,
"과천시","계",29603,23513,3094,2486,510,
"과천시","남자",17153,13414,1802,1825,112,
"과천시","여자",12450,10099,1292,661,398,
"구리시","계",85852,64554,12490,6889,1919,
"구리시","남자",50219,36087,8787,5003,342,
"구리시","여자",35633,28467,3703,1886,1577,
"남양주시","계",289767,206896,48300,24969,9602,
"남양주시","남자",174413,119535,33989,18746,2143,
"남양주시","여자",115354,87361,14311,6223,7459,
"오산시","계",99824,81873,10617,5493,1841,
"오산시","남자",61861,50122,7492,3945,302,
"오산시","여자",37963,31751,3125,1548,1539,
"시흥시","계",196848,150242,27350,14459,4797,
"시흥시","남자",123477,91828,19581,11044,1024,
"시흥시","여자",73371,58414,7769,3415,3773,
"군포시","계",136012,110441,14580,8630,2361,
"군포시","남자",79906,63272,9757,6428,449,
"군포시","여자",56106,47169,4823,2202,1912,
"의왕시","계",74008,56864,9615,5754,1775,
"의왕시","남자",44054,33019,6391,4230,414,
"의왕시","여자",29954,23845,3224,1524,1361,
"하남시","계",75063,55321,11542,5971,2229,
"하남시","남자",45155,31680,8410,4589,476,
"하남시","여자",29908,23641,3132,1382,1753,
"용인시","계",430075,335878,51886,33907,8404,
"용인시","남자",261593,201336,33740,24609,1908,
"용인시","여자",168482,134542,18146,9298,6496,
"처인구","계",107810,80607,17199,6742,3262,
"처인구","남자",64408,46679,12096,4966,667,
"처인구","여자",43402,33928,5103,1776,2595,
"기흥구","계",181869,144873,20081,14004,2911,
"기흥구","남자",110543,87232,12780,9785,746,
"기흥구","여자",71326,57641,7301,4219,2165,
"수지구","계",140396,110398,14606,13161,2231,
"수지구","남자",86642,67425,8864,9858,495,
"수지구","여자",53754,42973,5742,3303,1736,
"파주시","계",195970,148708,28456,12809,5997,
"파주시","남자",119490,89270,19921,9220,1079,
"파주시","여자",76480,59438,8535,3589,4918,
"이천시","계",104962,76059,18427,5252,5224,
"이천시","남자",60685,42582,13576,3709,818,
"이천시","여자",44277,33477,4851,1543,4406,
"안성시","계",93012,64945,17888,4658,5521,
"안성시","남자",55690,38319,13207,3296,868,
"안성시","여자",37322,26626,4681,1362,4653,
"김포시","계",160320,116533,24817,13377,5593,
"김포시","남자",98713,70097,17303,10226,1087,
"김포시","여자",61607,46436,7514,3151,4506,
"화성시","계",286538,220451,38120,18017,9950,
"화성시","남자",182073,140828,26452,13255,1538,
"화성시","여자",104465,79623,11668,4762,8412,
"광주시","계",151191,111155,23675,11472,4889,
"광주시","남자",92677,66019,17197,8396,1065,
"광주시","여자",58514,45136,6478,3076,3824,
"양주시","계",93971,68175,15753,6199,3844,
"양주시","남자",57199,40590,11481,4451,677,
"양주시","여자",36772,27585,4272,1748,3167,
"포천시","계",75887,51223,14687,4397,5580,
"포천시","남자",46549,30973,11153,3332,1091,
"포천시","여자",29338,20250,3534,1065,4489,
"여주시","계",52880,33308,12637,2640,4295,
"여주시","남자",31352,19099,9622,1912,719,
"여주시","여자",21528,14209,3015,728,3576,
"연천군","계",21895,12141,6282,894,2578,
"연천군","남자",13328,7552,4793,660,323,
"연천군","여자",8567,4589,1489,234,2255,
"가평군","계",28118,15674,7679,1691,3074,
"가평군","남자",16524,9221,5628,1235,440,
"가평군","여자",11594,6453,2051,456,2634,
"양평군","계",44933,26335,11963,3372,3263,
"양평군","남자",26866,15145,8672,2487,562,
"양평군","여자",18067,11190,3291,885,2701,
"강원도","계",712012,462041,159010,40756,50205,
"강원도","남자",412923,267983,109064,27910,7966,
"강원도","여자",299089,194058,49946,12846,42239,
"동부","계",406173,297764,66255,27147,15007,
"동부","남자",233412,169681,42592,18485,2654,
"동부","여자",172761,128083,23663,8662,12353,
"읍부","계",131001,83727,30858,6060,10356,
"읍부","남자",77382,49908,21624,4251,1599,
"읍부","여자",53619,33819,9234,1809,8757,
"면부","계",174838,80550,61897,7549,24842,
"면부","남자",102129,48394,44848,5174,3713,
"면부","여자",72709,32156,17049,2375,21129,
"춘천시","계",123172,88360,21578,7921,5313,
"춘천시","남자",68546,48273,14009,5394,870,
"춘천시","여자",54626,40087,7569,2527,4443,
"원주시","계",151630,107538,27556,9696,6840,
"원주시","남자",88090,61292,19010,6754,1034,
"원주시","여자",63540,46246,8546,2942,5806,
"강릉시","계",96697,64270,20245,6766,5416,
"강릉시","남자",55168,36135,13504,4627,902,
"강릉시","여자",41529,28135,6741,2139,4514,
"동해시","계",38996,28066,6574,2583,1773,
"동해시","남자",23765,17619,4121,1685,340,
"동해시","여자",15231,10447,2453,898,1433,
"태백시","계",20380,15329,3019,1142,890,
"태백시","남자",12262,9464,1867,789,142,
"태백시","여자",8118,5865,1152,353,748,
"속초시","계",36850,26004,6470,2491,1885,
"속초시","남자",21151,14795,4268,1742,346,
"속초시","여자",15699,11209,2202,749,1539,
"삼척시","계",30980,19869,7326,1372,2413,
"삼척시","남자",18374,12659,4490,861,364,
"삼척시","여자",12606,7210,2836,511,2049,
"홍천군","계",35382,17705,12043,1361,4273,
"홍천군","남자",20416,10392,8514,914,596,
"홍천군","여자",14966,7313,3529,447,3677,
"횡성군","계",23007,10150,8389,880,3588,
"횡성군","남자",13109,5728,6210,635,536,
"횡성군","여자",9898,4422,2179,245,3052,
"영월군","계",19258,9783,6168,795,2512,
"영월군","남자",10897,5596,4367,588,346,
"영월군","여자",8361,4187,1801,207,2166,
"평창군","계",22169,10815,7380,1072,2902,
"평창군","남자",13002,6261,5519,777,445,
"평창군","여자",9167,4554,1861,295,2457,
"정선군","계",19734,11373,5366,728,2267,
"정선군","남자",11700,6936,3941,469,354,
"정선군","여자",8034,4437,1425,259,1913,
"철원군","계",23232,12692,6808,1156,2576,
"철원군","남자",14408,8132,5090,787,399,
"철원군","여자",8824,4560,1718,369,2177,
"화천군","계",13520,8472,3391,414,1243,
"화천군","남자",8442,5556,2363,263,260,
"화천군","여자",5078,2916,1028,151,983,
"양구군","계",11818,6720,3328,403,1367,
"양구군","남자",7168,4215,2398,274,281,
"양구군","여자",4650,2505,930,129,1086,
"인제군","계",16787,9886,4410,763,1728,
"인제군","남자",10402,6410,3174,506,312,
"인제군","여자",6385,3476,1236,257,1416,
"고성군","계",14613,8140,4547,524,1402,
"고성군","남자",8395,4707,3106,371,211,
"고성군","여자",6218,3433,1441,153,1191,
"양양군","계",13787,6869,4412,689,1817,
"양양군","남자",7628,3813,3113,474,228,
"양양군","여자",6159,3056,1299,215,1589,
"충청북도","계",752702,508489,153842,40914,49457,
"충청북도","남자",441888,296978,108116,28778,8016,
"충청북도","여자",310814,211511,45726,12136,41441,
"동부","계",434415,325669,67095,27439,14212,
"동부","남자",252218,185672,44479,19176,2891,
"동부","여자",182197,139997,22616,8263,11321,
"읍부","계",148739,104699,27930,7576,8534,
"읍부","남자",89488,63207,19636,5395,1250,
"읍부","여자",59251,41492,8294,2181,7284,
"면부","계",169548,78121,58817,5899,26711,
"면부","남자",100182,48099,44001,4207,3875,
"면부","여자",69366,30022,14816,1692,22836,
"충주시","계",98344,62886,22850,5273,7335,
"충주시","남자",57645,36641,15937,3904,1163,
"충주시","여자",40699,26245,6913,1369,6172,
"제천시","계",63943,39649,14940,3742,5612,
"제천시","남자",37764,23401,10664,2758,941,
"제천시","여자",26179,16248,4276,984,4671,
"청주시","계",386136,290753,58864,23464,13055,
"청주시","남자",225580,167502,39399,16014,2665,
"청주시","여자",160556,123251,19465,7450,10390,
"상당구","계",77956,55018,14742,4724,3472,
"상당구","남자",45373,31226,10142,3279,726,
"상당구","여자",32583,23792,4600,1445,2746,
"서원구","계",97750,74109,14493,6199,2949,
"서원구","남자",56507,42060,9688,4124,635,
"서원구","여자",41243,32049,4805,2075,2314,
"흥덕구","계",123913,94977,17043,7856,4037,
"흥덕구","남자",72110,54522,11363,5419,806,
"흥덕구","여자",51803,40455,5680,2437,3231,
"청원구","계",86517,66649,12586,4685,2597,
"청원구","남자",51590,39694,8206,3192,498,
"청원구","여자",34927,26955,4380,1493,2099,
"보은군","계",17590,7089,6480,544,3477,
"보은군","남자",9859,3942,5046,424,447,
"보은군","여자",7731,3147,1434,120,3030,
"옥천군","계",23926,12443,7463,983,3037,
"옥천군","남자",13944,7241,5541,715,447,
"옥천군","여자",9982,5202,1922,268,2590,
"영동군","계",24884,10498,9101,794,4491,
"영동군","남자",14103,6043,6856,555,649,
"영동군","여자",10781,4455,2245,239,3842,
"진천군","계",34316,23914,7035,1618,1749,
"진천군","남자",21248,14884,5015,1093,256,
"진천군","여자",13068,9030,2020,525,1493,
"괴산군","계",18986,7793,7671,693,2829,
"괴산군","남자",11050,4650,5518,466,416,
"괴산군","여자",7936,3143,2153,227,2413,
"음성군","계",51190,33382,10994,2325,4489,
"음성군","남자",31313,20698,8254,1749,612,
"음성군","여자",19877,12684,2740,576,3877,
"단양군","계",15470,7882,4820,555,2213,
"단양군","남자",8775,4668,3439,398,270,
"단양군","여자",6695,3214,1381,157,1943,
"증평군","계",17917,12200,3624,923,1170,
"증평군","남자",10607,7308,2447,702,150,
"증평군","여자",7310,4892,1177,221,1020,
"충청남도","계",1045806,665074,236674,52965,91093,
"충청남도","남자",622602,404000,167513,37936,13153,
"충청남도","여자",423204,261074,69161,15029,77940,
"동부","계",442216,338007,60979,29036,14194,
"동부","남자",264293,200762,40175,20600,2756,
"동부","여자",177923,137245,20804,8436,11438,
"읍부","계",240316,157409,52727,11642,18538,
"읍부","남자",144349,96104,37180,8336,2729,
"읍부","여자",95967,61305,15547,3306,15809,
"면부","계",363274,169658,122968,12287,58361,
"면부","남자",213960,107134,90158,9000,7668,
"면부","여자",149314,62524,32810,3287,50693,
"천안시","계",302996,232626,40444,19704,10222,
"천안시","남자",181667,138073,27568,14125,1901,
"천안시","여자",121329,94553,12876,5579,8321,
"동남구","계",130446,96512,20320,8419,5195,
"동남구","남자",77307,56344,13980,6057,926,
"동남구","여자",53139,40168,6340,2362,4269,
"서북구","계",172550,136114,20124,11285,5027,
"서북구","남자",104360,81729,13588,8068,975,
"서북구","여자",68190,54385,6536,3217,4052,
"공주시","계",54043,30025,16033,2350,5635,
"공주시","남자",30376,16537,11505,1599,735,
"공주시","여자",23667,13488,4528,751,4900,
"보령시","계",51243,28457,14719,2749,5318,
"보령시","남자",30395,17409,10153,1976,857,
"보령시","여자",20848,11048,4566,773,4461,
"아산시","계",150415,115217,21920,6498,6780,
"아산시","남자",94180,73100,15575,4518,987,
"아산시","여자",56235,42117,6345,1980,5793,
"서산시","계",85238,53693,19561,4048,7936,
"서산시","남자",52358,34909,13418,2847,1184,
"서산시","여자",32880,18784,6143,1201,6752,
"논산시","계",59685,31078,17832,2787,7988,
"논산시","남자",33994,17590,13220,1963,1221,
"논산시","여자",25691,13488,4612,824,6767,
"계룡시","계",16876,13566,2007,920,383,
"계룡시","남자",10172,8303,1201,601,67,
"계룡시","여자",6704,5263,806,319,316,
"당진시","계",84635,53221,20256,3966,7192,
"당진시","남자",54297,36610,14036,2845,806,
"당진시","여자",30338,16611,6220,1121,6386,
"금산군","계",27420,11982,9993,878,4567,
"금산군","남자",15693,7033,7386,631,643,
"금산군","여자",11727,4949,2607,247,3924,
"부여군","계",36458,14826,13381,1574,6677,
"부여군","남자",20160,7848,10070,1259,983,
"부여군","여자",16298,6978,3311,315,5694,
"서천군","계",28887,13275,9684,1259,4669,
"서천군","남자",16361,7633,7130,939,659,
"서천군","여자",12526,5642,2554,320,4010,
"청양군","계",18722,6920,7503,420,3879,
"청양군","남자",10273,3790,5556,333,594,
"청양군","여자",8449,3130,1947,87,3285,
"홍성군","계",49596,24915,15611,2496,6574,
"홍성군","남자",28058,14505,11056,1844,653,
"홍성군","여자",21538,10410,4555,652,5921,
"예산군","계",44206,21301,14285,1980,6640,
"예산군","남자",25159,12228,10539,1521,871,
"예산군","여자",19047,9073,3746,459,5769,
"태안군","계",35386,13972,13445,1336,6633,
"태안군","남자",19459,8432,9100,935,992,
"태안군","여자",15927,5540,4345,401,5641,
"전라북도","계",820664,508126,198499,46367,67672,
"전라북도","남자",477729,292684,140880,33137,11028,
"전라북도","여자",342935,215442,57619,13230,56644,
"동부","계",548550,401502,90271,37930,18847,
"동부","남자",324314,231941,62173,27001,3199,
"동부","여자",224236,169561,28098,10929,15648,
"읍부","계",72920,41612,20309,2985,8014,
"읍부","남자",41839,23893,14530,2218,1198,
"읍부","여자",31081,17719,5779,767,6816,
"면부","계",199194,65012,87919,5452,40811,
"면부","남자",111576,36850,64177,3918,6631,
"면부","여자",87618,28162,23742,1534,34180,
"전주시","계",283108,209689,43567,21594,8258,
"전주시","남자",163762,117622,29456,15330,1354,
"전주시","여자",119346,92067,14111,6264,6904,
"완산구","계",157974,116906,23712,12877,4479,
"완산구","남자",90352,64613,15707,9254,778,
"완산구","여자",67622,52293,8005,3623,3701,
"덕진구","계",125134,92783,19855,8717,3779,
"덕진구","남자",73410,53009,13749,6076,576,
"덕진구","여자",51724,39774,6106,2641,3203,
"군산시","계",115528,81628,21280,6787,5833,
"군산시","남자",73305,52566,14687,5047,1005,
"군산시","여자",42223,29062,6593,1740,4828,
"익산시","계",127194,85732,26970,7022,7470,
"익산시","남자",74913,49522,19532,4762,1097,
"익산시","여자",52281,36210,7438,2260,6373,
"정읍시","계",50499,25670,16419,2252,6158,
"정읍시","남자",28919,14423,11766,1672,1058,
"정읍시","여자",21580,11247,4653,580,5100,
"남원시","계",40021,17976,13998,1764,6283,
"남원시","남자",22059,9654,10259,1283,863,
"남원시","여자",17962,8322,3739,481,5420,
"김제시","계",39435,17746,14200,1521,5968,
"김제시","남자",22468,9802,10601,1128,937,
"김제시","여자",16967,7944,3599,393,5031,
"완주군","계",42750,25369,11341,1854,4186,
"완주군","남자",25932,15564,8350,1370,648,
"완주군","여자",16818,9805,2991,484,3538,
"진안군","계",12053,4035,5152,254,2612,
"진안군","남자",6580,2118,3768,182,512,
"진안군","여자",5473,1917,1384,72,2100,
"무주군","계",13112,5171,5101,303,2537,
"무주군","남자",7120,2807,3694,225,394,
"무주군","여자",5992,2364,1407,78,2143,
"장수군","계",12321,4204,5243,287,2587,
"장수군","남자",6730,2227,3879,199,425,
"장수군","여자",5591,1977,1364,88,2162,
"임실군","계",14032,4667,5944,356,3065,
"임실군","남자",7794,2607,4428,240,519,
"임실군","여자",6238,2060,1516,116,2546,
"순창군","계",14485,5184,6289,406,2606,
"순창군","남자",7592,2666,4206,287,433,
"순창군","여자",6893,2518,2083,119,2173,
"고창군","계",29001,10202,12001,1018,5780,
"고창군","남자",15872,5342,8690,776,1064,
"고창군","여자",13129,4860,3311,242,4716,
"부안군","계",27125,10853,10994,949,4329,
"부안군","남자",14683,5764,7564,636,719,
"부안군","여자",12442,5089,3430,313,3610,
"전라남도","계",870571,473470,254716,40456,101929,
"전라남도","남자",506079,286482,174609,28766,16222,
"전라남도","여자",364492,186988,80107,11690,85707,
"동부","계",341565,252390,54550,21496,13129,
"동부","남자",209683,157453,35067,15094,2069,
"동부","여자",131882,94937,19483,6402,11060,
"읍부","계",208976,120455,57410,9687,21424,
"읍부","남자",119666,70174,39357,6810,3325,
"읍부","여자",89310,50281,18053,2877,18099,
"면부","계",320030,100625,142756,9273,67376,
"면부","남자",176730,58855,100185,6862,10828,
"면부","여자",143300,41770,42571,2411,56548,
"목포시","계",101672,74146,17023,6354,4149,
"목포시","남자",61361,44398,11656,4630,677,
"목포시","여자",40311,29748,5367,1724,3472,
"여수시","계",122466,84596,22807,7277,7786,
"여수시","남자",76768,55709,14460,5359,1240,
"여수시","여자",45698,28887,8347,1918,6546,
"순천시","계",121210,80336,26499,7298,7077,
"순천시","남자",70302,47436,16745,5080,1041,
"순천시","여자",50908,32900,9754,2218,6036,
"나주시","계",46217,23019,15549,1490,6159,
"나주시","남자",26082,13143,10897,1033,1009,
"나주시","여자",20135,9876,4652,457,5150,
"광양시","계",68975,48320,12933,3501,4221,
"광양시","남자",43742,32819,8110,2114,699,
"광양시","여자",25233,15501,4823,1387,3522,
"담양군","계",21770,8720,8185,893,3972,
"담양군","남자",12135,4859,5962,658,656,
"담양군","여자",9635,3861,2223,235,3316,
"곡성군","계",15369,5216,6715,516,2922,
"곡성군","남자",8204,2880,4493,377,454,
"곡성군","여자",7165,2336,2222,139,2468,
"구례군","계",13112,5106,5229,348,2429,
"구례군","남자",6987,2662,3696,230,399,
"구례군","여자",6125,2444,1533,118,2030,
"고흥군","계",35415,10590,16193,1011,7621,
"고흥군","남자",18686,5746,11108,782,1050,
"고흥군","여자",16729,4844,5085,229,6571,
"보성군","계",22608,7692,9945,588,4383,
"보성군","남자",12254,4179,6991,443,641,
"보성군","여자",10354,3513,2954,145,3742,
"화순군","계",30225,16295,9044,1307,3579,
"화순군","남자",16282,8940,5856,957,529,
"화순군","여자",13943,7355,3188,350,3050,
"장흥군","계",19367,7735,7758,591,3283,
"장흥군","남자",10551,3924,5760,419,448,
"장흥군","여자",8816,3811,1998,172,2835,
"강진군","계",19013,7492,7554,705,3262,
"강진군","남자",10031,3830,5267,481,453,
"강진군","여자",8982,3662,2287,224,2809,
"해남군","계",38110,13285,15065,1764,7996,
"해남군","남자",20833,7336,10998,1284,1215,
"해남군","여자",17277,5949,4067,480,6781,
"영암군","계",30209,15432,9660,833,4284,
"영암군","남자",18377,10478,6711,522,666,
"영암군","여자",11832,4954,2949,311,3618,
"무안군","계",38857,19004,12397,1667,5789,
"무안군","남자",22213,11378,8796,1129,910,
"무안군","여자",16644,7626,3601,538,4879,
"함평군","계",16883,5655,7661,484,3083,
"함평군","남자",9209,2958,5389,361,501,
"함평군","여자",7674,2697,2272,123,2582,
"영광군","계",25836,11651,9539,909,3737,
"영광군","남자",14702,6938,6549,647,568,
"영광군","여자",11134,4713,2990,262,3169,
"장성군","계",19746,9437,6857,680,2772,
"장성군","남자",11385,5490,4973,474,448,
"장성군","여자",8361,3947,1884,206,2324,
"완도군","계",25847,9362,9922,1191,5372,
"완도군","남자",14863,5357,7427,962,1117,
"완도군","여자",10984,4005,2495,229,4255,
"진도군","계",16715,5081,7349,563,3722,
"진도군","남자",9082,2800,5232,442,608,
"진도군","여자",7633,2281,2117,121,3114,
"신안군","계",20949,5300,10832,486,4331,
"신안군","남자",12030,3222,7533,382,893,
"신안군","여자",8919,2078,3299,104,3438,
"경상북도","계",1290109,773268,327306,61020,128515,
"경상북도","남자",758763,463167,233024,43904,18668,
"경상북도","여자",531346,310101,94282,17116,109847,
"동부","계",653879,482574,107890,38157,25258,
"동부","남자",391164,287764,72242,27312,3846,
"동부","여자",262715,194810,35648,10845,21412,
"읍부","계",283984,180006,66791,12804,24383,
"읍부","남자",170342,109660,47959,9429,3294,
"읍부","여자",113642,70346,18832,3375,21089,
"면부","계",352246,110688,152625,10059,78874,
"면부","남자",197257,65743,112823,7163,11528,
"면부","여자",154989,44945,39802,2896,67346,
"포항시","계",229594,166391,39544,13622,10037,
"포항시","남자",143132,106135,25969,9489,1539,
"포항시","여자",86462,60256,13575,4133,8498,
"남구","계",110770,83085,17559,5797,4329,
"남구","남자",70572,54391,11383,4117,681,
"남구","여자",40198,28694,6176,1680,3648,
"북구","계",118824,83306,21985,7825,5708,
"북구","남자",72560,51744,14586,5372,858,
"북구","여자",46264,31562,7399,2453,4850,
"경주시","계",121659,76487,29104,6038,10030,
"경주시","남자",72513,46880,20081,4244,1308,
"경주시","여자",49146,29607,9023,1794,8722,
"김천시","계",68126,37597,19852,2616,8061,
"김천시","남자",39154,22399,13875,1850,1030,
"김천시","여자",28972,15198,5977,766,7031,
"안동시","계",80848,43832,23431,3765,9820,
"안동시","남자",45208,23977,17086,2798,1347,
"안동시","여자",35640,19855,6345,967,8473,
"구미시","계",205730,157971,29491,11349,6919,
"구미시","남자",123763,94819,19554,8117,1273,
"구미시","여자",81967,63152,9937,3232,5646,
"영주시","계",49348,24889,14729,2513,7217,
"영주시","남자",28644,14444,11356,1905,939,
"영주시","여자",20704,10445,3373,608,6278,
"영천시","계",49652,24208,16194,1707,7543,
"영천시","남자",28856,14579,12111,1242,924,
"영천시","여자",20796,9629,4083,465,6619,
"상주시","계",52399,20435,20243,1969,9752,
"상주시","남자",28450,10867,14636,1395,1552,
"상주시","여자",23949,9568,5607,574,8200,
"문경시","계",34891,16952,11513,1370,5056,
"문경시","남자",19511,9163,8559,969,820,
"문경시","여자",15380,7789,2954,401,4236,
"경산시","계",120886,83963,23324,6508,7091,
"경산시","남자",71330,48686,16686,4903,1055,
"경산시","여자",49556,35277,6638,1605,6036,
"군위군","계",12160,4337,5367,301,2155,
"군위군","남자",6947,2611,3800,225,311,
"군위군","여자",5213,1726,1567,76,1844,
"의성군","계",29766,7761,14417,710,6878,
"의성군","남자",16179,4128,10443,494,1114,
"의성군","여자",13587,3633,3974,216,5764,
"청송군","계",15670,5025,6463,445,3737,
"청송군","남자",8387,2694,4852,280,561,
"청송군","여자",7283,2331,1611,165,3176,
"영양군","계",10156,3052,4534,213,2357,
"영양군","남자",5453,1651,3317,159,326,
"영양군","여자",4703,1401,1217,54,2031,
"영덕군","계",18025,7316,6971,933,2805,
"영덕군","남자",9962,4102,4794,678,388,
"영덕군","여자",8063,3214,2177,255,2417,
"청도군","계",23128,7646,9583,625,5274,
"청도군","남자",12374,4044,7040,462,828,
"청도군","여자",10754,3602,2543,163,4446,
"고령군","계",16993,7882,5865,652,2594,
"고령군","남자",9812,4621,4338,502,351,
"고령군","여자",7181,3261,1527,150,2243,
"성주군","계",22771,6601,9567,817,5786,
"성주군","남자",13042,3871,7715,605,851,
"성주군","여자",9729,2730,1852,212,4935,
"칠곡군","계",57451,40846,11014,2323,3268,
"칠곡군","남자",35707,25238,8264,1736,469,
"칠곡군","여자",21744,15608,2750,587,2799,
"예천군","계",24048,7576,10429,700,5343,
"예천군","남자",13184,4298,7653,532,701,
"예천군","여자",10864,3278,2776,168,4642,
"봉화군","계",17312,5484,7528,543,3757,
"봉화군","남자",9594,3186,5555,381,472,
"봉화군","여자",7718,2298,1973,162,3285,
"울진군","계",24246,13920,6815,1012,2499,
"울진군","남자",14323,8768,4445,722,388,
"울진군","여자",9923,5152,2370,290,2111,
"울릉군","계",5250,3097,1328,289,536,
"울릉군","남자",3238,2006,895,216,121,
"울릉군","여자",2012,1091,433,73,415,
"경상남도","계",1574475,1081373,305931,92140,95031,
"경상남도","남자",943147,659885,203703,65244,14315,
"경상남도","여자",631328,421488,102228,26896,80716,
"동부","계",1012167,778271,140381,63398,30117,
"동부","남자",616255,477536,89067,44353,5299,
"동부","여자",395912,300735,51314,19045,24818,
"읍부","계",213400,143200,43468,13609,13123,
"읍부","남자",125400,84108,29568,9810,1914,
"읍부","여자",88000,59092,13900,3799,11209,
"면부","계",348908,159902,122082,15133,51791,
"면부","남자",201492,98241,85068,11081,7102,
"면부","여자",147416,61661,37014,4052,44689,
"진주시","계",158713,105202,32849,10737,9925,
"진주시","남자",90277,59696,21602,7517,1462,
"진주시","여자",68436,45506,11247,3220,8463,
"통영시","계",63483,43570,11920,4188,3805,
"통영시","남자",38378,26753,7962,3082,581,
"통영시","여자",25105,16817,3958,1106,3224,
"사천시","계",54713,34299,13183,2809,4422,
"사천시","남자",31737,20895,8477,1793,572,
"사천시","여자",22976,13404,4706,1016,3850,
"김해시","계",245917,180669,38389,17248,9611,
"김해시","남자",149096,108492,26413,12609,1582,
"김해시","여자",96821,72177,11976,4639,8029,
"밀양시","계",50197,24219,16019,2835,7124,
"밀양시","남자",27995,13622,11403,2082,888,
"밀양시","여자",22202,10597,4616,753,6236,
"거제시","계",130309,107574,13630,5279,3826,
"거제시","남자",88414,76466,7999,3336,613,
"거제시","여자",41895,31108,5631,1943,3213,
"양산시","계",134736,103140,20178,7729,3689,
"양산시","남자",81846,61889,13630,5604,723,
"양산시","여자",52890,41251,6548,2125,2966,
"창원시","계",490211,376179,68423,31009,14600,
"창원시","남자",298908,231115,43320,21875,2598,
"창원시","여자",191303,145064,25103,9134,12002,
"의창구","계",121231,89196,19141,8033,4861,
"의창구","남자",73114,53274,12988,5966,886,
"의창구","여자",48117,35922,6153,2067,3975,
"성산구","계",114136,93044,11010,7932,2150,
"성산구","남자",71601,59222,6488,5486,405,
"성산구","여자",42535,33822,4522,2446,1745,
"마산합포구","계",80342,57346,14369,5363,3264,
"마산합포구","남자",47297,33694,9243,3777,583,
"마산합포구","여자",33045,23652,5126,1586,2681,
"마산회원구","계",95735,72685,14538,6164,2348,
"마산회원구","남자",57111,43132,9191,4394,394,
"마산회원구","여자",38624,29553,5347,1770,1954,
"진해구","계",78767,63908,9365,3517,1977,
"진해구","남자",49785,41793,5410,2252,330,
"진해구","여자",28982,22115,3955,1265,1647,
"의령군","계",13342,5599,5284,497,1962,
"의령군","남자",7446,3251,3650,349,196,
"의령군","여자",5896,2348,1634,148,1766,
"함안군","계",33908,19448,9168,1817,3475,
"함안군","남자",20259,12064,6371,1407,417,
"함안군","여자",13649,7384,2797,410,3058,
"창녕군","계",31243,14582,10457,1395,4809,
"창녕군","남자",17905,8546,7539,1069,751,
"창녕군","여자",13338,6036,2918,326,4058,
"고성군","계",27269,13840,9214,1098,3117,
"고성군","남자",15559,8252,6189,695,423,
"고성군","여자",11710,5588,3025,403,2694,
"남해군","계",23851,8650,9427,1007,4767,
"남해군","남자",12445,4602,6494,675,674,
"남해군","여자",11406,4048,2933,332,4093,
"하동군","계",23304,9076,9825,789,3614,
"하동군","남자",12668,5086,6626,502,454,
"하동군","여자",10636,3990,3199,287,3160,
"산청군","계",17878,5855,7791,732,3500,
"산청군","남자",9861,3207,5580,520,554,
"산청군","여자",8017,2648,2211,212,2946,
"함양군","계",20539,7944,8232,796,3567,
"함양군","남자",10718,4208,5415,546,549,
"함양군","여자",9821,3736,2817,250,3018,
"거창군","계",31401,13489,11571,1364,4977,
"거창군","남자",17012,7418,7973,946,675,
"거창군","여자",14389,6071,3598,418,4302,
"합천군","계",23461,8038,10371,811,4241,
"합천군","남자",12623,4323,7060,637,603,
"합천군","여자",10838,3715,3311,174,3638,
"제주특별자치도","계",312660,197928,70968,20345,23419,
"제주특별자치도","남자",170567,105657,47514,13866,3530,
"제주특별자치도","여자",142093,92271,23454,6479,19889,
"동부","계",224637,155488,40993,16156,12000,
"동부","남자",122382,82254,27339,10966,1823,
"동부","여자",102255,73234,13654,5190,10177,
"읍부","계",70047,34503,23183,3291,9070,
"읍부","남자",38329,18943,15915,2256,1215,
"읍부","여자",31718,15560,7268,1035,7855,
"면부","계",17976,7937,6792,898,2349,
"면부","남자",9856,4460,4260,644,492,
"면부","여자",8120,3477,2532,254,1857,
"제주시","계",227070,152379,45978,15720,12993,
"제주시","남자",124415,81601,30046,10618,2150,
"제주시","여자",102655,70778,15932,5102,10843,
"서귀포시","계",85590,45549,24990,4625,10426,
"서귀포시","남자",46152,24056,17468,3248,1380,
"서귀포시","여자",39438,21493,7522,1377,9046,
